Date,Open,6-month-ma
2015-08-07,2.83162,
2015-08-08,2.79376,2.83162
2015-08-09,0.706136,2.81269
2015-08-10,0.713989,2.1105053333333332
2015-08-11,0.708087,1.7613762499999999
2015-08-12,1.05875,1.5507183999999998
2015-08-13,1.22224,1.4687236666666665
2015-08-14,1.81092,1.2004936666666666
2015-08-15,1.80289,1.036687
2015-08-16,1.68435,1.2194793333333334
2015-08-17,1.58119,1.3812061666666668
2015-08-18,1.2153,1.5267233333333332
2015-08-19,1.16693,1.552815
2015-08-20,1.25118,1.5435966666666667
2015-08-21,1.47752,1.4503066666666669
2015-08-22,1.39629,1.3960783333333333
2015-08-23,1.375,1.3480683333333332
2015-08-24,1.34559,1.3137033333333334
2015-08-25,1.22861,1.3354183333333334
2015-08-26,1.13279,1.3456983333333332
2015-08-27,1.16981,1.3259666666666667
2015-08-28,1.14766,1.2746816666666667
2015-08-29,1.19353,1.2332433333333332
2015-08-30,1.18299,1.2029983333333334
2015-08-31,1.32138,1.1758983333333333
2015-09-01,1.35348,1.19136
2015-09-02,1.35157,1.2281416666666667
2015-09-03,1.29519,1.258435
2015-09-04,1.26493,1.2830233333333334
2015-09-05,1.28056,1.2949233333333332
2015-09-06,1.33801,1.311185
2015-09-07,1.2959,1.3139566666666667
2015-09-08,1.24665,1.3043600000000002
2015-09-09,1.23935,1.2868733333333333
2015-09-10,1.20761,1.2775666666666667
2015-09-11,1.16497,1.2680133333333334
2015-09-12,0.987228,1.2487483333333333
2015-09-13,1.04178,1.1902846666666667
2015-09-14,0.940566,1.1479313333333334
2015-09-15,0.875189,1.0969173333333333
2015-09-16,0.941977,1.0362238333333333
2015-09-17,0.906865,0.9919516666666667
2015-09-18,0.874574,0.9489341666666666
2015-09-19,0.849603,0.9301585
2015-09-20,0.881191,0.898129
2015-09-21,0.941496,0.8882331666666667
2015-09-22,0.919337,0.8992843333333332
2015-09-23,0.90356,0.895511
2015-09-24,0.896796,0.8949601666666668
2015-09-25,0.820031,0.8986638333333333
2015-09-26,0.73763,0.8937351666666666
2015-09-27,0.791277,0.8698083333333333
2015-09-28,0.723715,0.8447718333333333
2015-09-29,0.579414,0.8121681666666666
2015-09-30,0.661192,0.7581438333333334
2015-10-01,0.734307,0.7188764999999999
2015-10-02,0.683732,0.7045891666666667
2015-10-03,0.678783,0.6956061666666667
2015-10-04,0.686343,0.6768571666666666
2015-10-05,0.666784,0.6706285
2015-10-06,0.622218,0.6851901666666667
2015-10-07,0.650515,0.6786945000000001
2015-10-08,0.609501,0.6647291666666667
2015-10-09,0.655084,0.6523573333333333
2015-10-10,0.641187,0.6484075
2015-10-11,0.627461,0.6408815
2015-10-12,0.634515,0.6343276666666666
2015-10-13,0.627943,0.6363771666666667
2015-10-14,0.61224,0.6326151666666667
2015-10-15,0.523278,0.6330716666666666
2015-10-16,0.562593,0.611104
2015-10-17,0.534117,0.598005
2015-10-18,0.547913,0.5824476666666667
2015-10-19,0.517621,0.568014
2015-10-20,0.489629,0.549627
2015-10-21,0.431589,0.5291918333333333
2015-10-22,0.444988,0.5139103333333334
2015-10-23,0.56637,0.4943095
2015-10-24,0.539681,0.499685
2015-10-25,0.563207,0.498313
2015-10-26,0.619743,0.5059106666666667
2015-10-27,0.70889,0.5275963333333333
2015-10-28,0.870938,0.5738131666666667
2015-10-29,1.00525,0.6448048333333333
2015-10-30,1.2092,0.7179515
2015-10-31,1.04658,0.829538
2015-11-01,0.920847,0.9101001666666667
2015-11-02,1.05797,0.9602841666666667
2015-11-03,0.994568,1.0184641666666667
2015-11-04,1.01065,1.0390691666666667
2015-11-05,0.900699,1.0399691666666666
2015-11-06,0.904772,0.9885523333333334
2015-11-07,0.923732,0.9649176666666666
2015-11-08,0.915661,0.9653985
2015-11-09,1.03253,0.9416803333333333
2015-11-10,1.00126,0.9480073333333333
2015-11-11,0.941296,0.9464423333333333
2015-11-12,0.796455,0.9532085
2015-11-13,0.907722,0.9351556666666667
2015-11-14,0.905469,0.9324873333333333
2015-11-15,0.891217,0.9307886666666666
2015-11-16,0.906166,0.9072364999999999
2015-11-17,0.924948,0.8913875
2015-11-18,0.993214,0.8886628333333334
2015-11-19,0.988713,0.921456
2015-11-20,0.955735,0.9349545
2015-11-21,0.928758,0.9433321666666666
2015-11-22,0.979765,0.949589
2015-11-23,0.967493,0.9618555000000001
2015-11-24,0.946442,0.9689463333333332
2015-11-25,0.893827,0.961151
2015-11-26,0.863273,0.9453366666666666
2015-11-27,0.8821,0.9299263333333334
2015-11-28,0.868102,0.9221499999999999
2015-11-29,0.914144,0.9035394999999999
2015-11-30,0.879951,0.8946480000000001
2015-12-01,0.878316,0.8835661666666667
2015-12-02,0.873171,0.8809810000000001
2015-12-03,0.818546,0.8826306666666666
2015-12-04,0.812082,0.8720383333333334
2015-12-05,0.841195,0.8627016666666667
2015-12-06,0.866417,0.8505435
2015-12-07,0.836322,0.8482878333333334
2015-12-08,0.806024,0.8412888333333334
2015-12-09,0.824454,0.8300976666666666
2015-12-10,0.79559,0.8310823333333334
2015-12-11,0.839995,0.8283336666666666
2015-12-12,0.931196,0.8281336666666667
2015-12-13,0.971538,0.8389301666666666
2015-12-14,0.95662,0.8614661666666666
2015-12-15,0.990589,0.8865655
2015-12-16,1.01711,0.9142546666666668
2015-12-17,0.993043,0.9511746666666667
2015-12-18,0.938327,0.9766826666666666
2015-12-19,0.921524,0.9778711666666666
2015-12-20,0.90824,0.9695355000000001
2015-12-21,0.906065,0.9614721666666667
2015-12-22,0.894973,0.9473848333333335
2015-12-23,0.861782,0.9270286666666666
2015-12-24,0.859433,0.9051518333333334
2015-12-25,0.861993,0.8920028333333333
2015-12-26,0.870766,0.882081
2015-12-27,0.853166,0.8758353333333334
2015-12-28,0.856356,0.8670188333333334
2015-12-29,0.843835,0.8605826666666667
2015-12-30,0.874258,0.8575915000000002
2015-12-31,0.912098,0.8600623333333334
2016-01-01,0.933712,0.8684131666666667
2016-01-02,0.947401,0.8789041666666666
2016-01-03,0.93843,0.89461
2016-01-04,0.972045,0.908289
2016-01-05,0.953147,0.9296573333333332
2016-01-06,0.950028,0.9428055000000001
2016-01-07,0.955801,0.9491271666666666
2016-01-08,0.942752,0.9528086666666667
2016-01-09,0.985501,0.9520338333333332
2016-01-10,0.985557,0.9598789999999999
2016-01-11,0.999216,0.962131
2016-01-12,1.0661,0.9698091666666665
2016-01-13,1.13547,0.9891545
2016-01-14,1.1221,1.0190993333333334
2016-01-15,1.18444,1.0489906666666668
2016-01-16,1.22046,1.0821471666666667
2016-01-17,1.22147,1.1212976666666667
2016-01-18,1.33231,1.15834
2016-01-19,1.42261,1.2027083333333335
2016-01-20,1.36318,1.2505650000000001
2016-01-21,1.5327,1.290745
2016-01-22,1.54703,1.3487883333333333
2016-01-23,1.50412,1.4032166666666666
2016-01-24,1.90054,1.450325
2016-01-25,2.14764,1.54503
2016-01-26,2.53274,1.6658683333333333
2016-01-27,2.24744,1.8607950000000002
2016-01-28,2.40645,1.9799183333333332
2016-01-29,2.54298,2.123155
2016-01-30,2.50772,2.296298333333333
2016-01-31,2.44315,2.397495
2016-02-01,2.31969,2.4467466666666664
2016-02-02,2.21519,2.4112383333333334
2016-02-03,2.43193,2.4058633333333335
2016-02-04,2.52903,2.41011
2016-02-05,2.57035,2.407785
2016-02-06,2.53382,2.418223333333333
2016-02-07,2.53641,2.433335
2016-02-08,2.973,2.469455
2016-02-09,3.17499,2.5957566666666665
2016-02-10,4.00055,2.7196
2016-02-11,4.49682,2.9648533333333327
2016-02-12,5.94615,3.2859316666666665
2016-02-13,5.68505,3.8546533333333333
2016-02-14,5.40433,4.379426666666666
2016-02-15,5.33053,4.784648333333333
2016-02-16,5.32832,5.143905
2016-02-17,4.28917,5.365200000000001
2016-02-18,3.7747,5.330591666666667
2016-02-19,4.38479,4.968683333333334
2016-02-20,4.6822,4.751973333333333
2016-02-21,4.36055,4.631618333333333
2016-02-22,4.66495,4.469955
2016-02-23,5.68493,4.359393333333334
2016-02-24,5.60405,4.59202
2016-02-25,6.18671,4.896911666666667
2016-02-26,6.03783,5.197231666666666
2016-02-27,5.96308,5.42317
2016-02-28,6.40551,5.6902583333333325
2016-02-29,6.45565,5.9803516666666665
2016-03-01,6.31931,6.108805
2016-03-02,7.63303,6.228014999999999
2016-03-03,8.44229,6.469068333333333
2016-03-04,9.24056,6.869811666666667
2016-03-05,10.3703,7.416058333333335
2016-03-06,11.204,8.076856666666666
2016-03-07,11.4288,8.868248333333334
2016-03-08,9.58214,9.71983
2016-03-09,9.79242,10.044681666666667
2016-03-10,11.8815,10.269703333333334
2016-03-11,11.2216,10.70986
2016-03-12,11.1307,10.851743333333333
2016-03-13,13.5102,10.839526666666666
2016-03-14,14.5122,11.186426666666668
2016-03-15,13.0017,12.008103333333333
2016-03-16,13.0216,12.542983333333334
2016-03-17,12.5587,12.732999999999999
2016-03-18,11.1091,12.95585
2016-03-19,11.2037,12.95225
2016-03-20,10.5163,12.567833333333333
2016-03-21,10.3037,11.901850000000001
2016-03-22,11.8792,11.452183333333332
2016-03-23,11.3279,11.261783333333334
2016-03-24,12.4422,11.05665
2016-03-25,11.2603,11.278833333333333
2016-03-26,10.7679,11.288266666666667
2016-03-27,10.9861,11.3302
2016-03-28,10.4314,11.443933333333334
2016-03-29,11.7527,11.202633333333333
2016-03-30,11.6053,11.273433333333335
2016-03-31,11.9198,11.13395
2016-04-01,11.4006,11.243866666666667
2016-04-02,11.6306,11.349316666666667
2016-04-03,11.6283,11.456733333333332
2016-04-04,11.6158,11.656216666666667
2016-04-05,11.2125,11.6334
2016-04-06,10.4498,11.567933333333334
2016-04-07,10.6952,11.322933333333333
2016-04-08,10.0774,11.205366666666668
2016-04-09,9.69423,10.9465
2016-04-10,9.14985,10.624155
2016-04-11,8.94278,10.213163333333334
2016-04-12,8.63947,9.834876666666666
2016-04-13,7.44136,9.533155
2016-04-14,8.07517,8.990848333333334
2016-04-15,8.38606,8.657143333333332
2016-04-16,8.23588,8.439115
2016-04-17,8.62319,8.286786666666666
2016-04-18,9.33273,8.233521666666666
2016-04-19,9.07533,8.349065
2016-04-20,8.68819,8.621393333333332
2016-04-21,8.45346,8.723563333333333
2016-04-22,8.14992,8.734796666666666
2016-04-23,7.79183,8.720469999999999
2016-04-24,8.29343,8.58191
2016-04-25,8.00777,8.408693333333334
2016-04-26,7.52655,8.230766666666666
2016-04-27,7.38839,8.03716
2016-04-28,7.74069,7.859648333333333
2016-04-29,7.20703,7.7914433333333335
2016-04-30,7.45391,7.693976666666667
2016-05-01,8.77508,7.554056666666667
2016-05-02,8.89424,7.681941666666667
2016-05-03,10.1651,7.90989
2016-05-04,9.38287,8.372675
2016-05-05,9.39673,8.646371666666667
2016-05-06,9.80961,9.011321666666667
2016-05-07,9.31565,9.403938333333334
2016-05-08,9.3729,9.494033333333332
2016-05-09,9.49404,9.57381
2016-05-10,9.28265,9.461966666666667
2016-05-11,9.43143,9.445263333333333
2016-05-12,9.99511,9.451046666666667
2016-05-13,10.0623,9.481963333333333
2016-05-14,10.5051,9.606405
2016-05-15,10.2386,9.795105000000001
2016-05-16,9.9687,9.919198333333334
2016-05-17,11.1932,10.03354
2016-05-18,12.1793,10.327168333333333
2016-05-19,13.5428,10.6912
2016-05-20,14.8532,11.271283333333331
2016-05-21,13.6897,11.995966666666666
2016-05-22,14.0405,12.571150000000001
2016-05-23,14.2798,13.249783333333333
2016-05-24,13.3054,13.764216666666664
2016-05-25,12.7932,13.9519
2016-05-26,12.5161,13.826966666666666
2016-05-27,12.3894,13.437449999999998
2016-05-28,11.3332,13.220733333333333
2016-05-29,12.1122,12.769516666666666
2016-05-30,12.3253,12.40825
2016-05-31,12.7435,12.244900000000001
2016-06-01,14.1098,12.236616666666668
2016-06-02,13.9917,12.502233333333335
2016-06-03,13.7429,12.769283333333334
2016-06-04,13.8643,13.170899999999998
2016-06-05,13.7625,13.462916666666667
2016-06-06,14.0007,13.70245
2016-06-07,13.9453,13.911983333333332
2016-06-08,14.5079,13.884566666666666
2016-06-09,14.4306,13.9706
2016-06-10,14.3759,14.085216666666668
2016-06-11,13.9091,14.170483333333332
2016-06-12,14.1864,14.194916666666666
2016-06-13,15.7723,14.225866666666667
2016-06-14,17.612801,14.530366666666666
2016-06-15,18.9053,15.047850166666665
2016-06-16,18.362801,15.793633499999999
2016-06-17,20.6509,16.458116999999998
2016-06-18,15.3786,17.581750333333332
2016-06-19,11.1673,17.780450333333334
2016-06-20,12.2369,17.012950333333333
2016-06-21,11.8198,16.116966833333333
2016-06-22,13.1997,14.936050166666668
2016-06-23,13.2156,14.075533333333333
2016-06-24,13.6821,12.836316666666667
2016-06-25,14.3028,12.553566666666667
2016-06-26,14.2611,13.07615
2016-06-27,13.8082,13.413516666666666
2016-06-28,13.9276,13.744916666666667
2016-06-29,12.1742,13.866233333333334
2016-06-30,12.6029,13.692666666666666
2016-07-01,12.4381,13.5128
2016-07-02,12.216,13.202016666666667
2016-07-03,12.1208,12.861166666666668
2016-07-04,11.6961,12.579933333333335
2016-07-05,11.4574,12.208016666666667
2016-07-06,10.5758,12.08855
2016-07-07,10.5359,11.7507
2016-07-08,10.1153,11.433666666666667
2016-07-09,11.4177,11.08355
2016-07-10,10.9604,10.966366666666666
2016-07-11,10.9411,10.84375
2016-07-12,10.447,10.7577
2016-07-13,10.5066,10.736233333333333
2016-07-14,10.5969,10.73135
2016-07-15,11.4991,10.811616666666666
2016-07-16,11.9194,10.825183333333333
2016-07-17,11.6235,10.985016666666667
2016-07-18,11.173,11.09875
2016-07-19,11.0466,11.21975
2016-07-20,11.5902,11.30975
2016-07-21,12.4601,11.475299999999999
2016-07-22,12.6575,11.635466666666668
2016-07-23,14.6655,11.758483333333333
2016-07-24,14.2958,12.265483333333334
2016-07-25,12.7434,12.78595
2016-07-26,13.8161,13.06875
2016-07-27,12.0505,13.439733333333335
2016-07-28,12.9791,13.371466666666668
2016-07-29,12.8364,13.425066666666666
2016-07-30,12.7974,13.120216666666666
2016-07-31,12.4397,12.870483333333333
2016-08-01,11.8948,12.819866666666668
2016-08-02,10.9485,12.49965
2016-08-03,8.8768,12.315983333333334
2016-08-04,10.311,11.632266666666666
2016-08-05,11.019,11.211366666666665
2016-08-06,10.9167,10.914966666666666
2016-08-07,10.8592,10.661133333333334
2016-08-08,10.9135,10.488533333333333
2016-08-09,11.2746,10.4827
2016-08-10,12.2298,10.882333333333333
2016-08-11,12.1382,11.202133333333334
2016-08-12,11.6889,11.388666666666666
2016-08-13,11.7704,11.517366666666668
2016-08-14,11.5833,11.669233333333333
2016-08-15,11.2017,11.780866666666666
2016-08-16,11.2287,11.768716666666668
2016-08-17,11.1332,11.601866666666666
2016-08-18,10.7475,11.434366666666667
2016-08-19,10.7463,11.277466666666667
2016-08-20,10.7501,11.106783333333333
2016-08-21,11.2533,10.967916666666667
2016-08-22,11.1851,10.976516666666667
2016-08-23,11.137,10.96925
2016-08-24,11.0243,10.969883333333334
2016-08-25,11.0313,11.016016666666665
2016-08-26,11.3524,11.063516666666667
2016-08-27,11.294,11.1639
2016-08-28,11.147,11.170683333333335
2016-08-29,10.9151,11.164333333333333
2016-08-30,10.9921,11.12735
2016-08-31,11.2386,11.121983333333334
2016-09-01,11.6705,11.156533333333334
2016-09-02,11.9642,11.20955
2016-09-03,12.1129,11.321250000000001
2016-09-04,11.7541,11.482233333333333
2016-09-05,11.6805,11.622066666666667
2016-09-06,11.7254,11.7368
2016-09-07,11.6945,11.817933333333334
2016-09-08,11.5458,11.821933333333334
2016-09-09,11.4125,11.7522
2016-09-10,11.6623,11.635466666666666
2016-09-11,12.2079,11.620166666666668
2016-09-12,11.643,11.708066666666667
2016-09-13,11.8887,11.694333333333333
2016-09-14,11.9046,11.7267
2016-09-15,11.9431,11.786499999999998
2016-09-16,11.9596,11.874933333333333
2016-09-17,12.5582,11.924483333333333
2016-09-18,12.6864,11.982866666666666
2016-09-19,12.436,12.156766666666668
2016-09-20,13.2139,12.247983333333332
2016-09-21,14.4341,12.4662
2016-09-22,13.665,12.881366666666667
2016-09-23,13.208,13.165599999999998
2016-09-24,13.3223,13.2739
2016-09-25,12.8525,13.379883333333334
2016-09-26,13.1696,13.4493
2016-09-27,12.8639,13.441916666666666
2016-09-28,13.1074,13.180216666666666
2016-09-29,13.2768,13.087283333333334
2016-09-30,13.076,13.09875
2016-10-01,13.2032,13.057699999999999
2016-10-02,13.1802,13.11615
2016-10-03,13.203,13.117916666666666
2016-10-04,13.4505,13.174433333333333
2016-10-05,13.2834,13.231616666666667
2016-10-06,13.0263,13.232716666666667
2016-10-07,12.8516,13.224433333333332
2016-10-08,12.674,13.165833333333333
2016-10-09,12.2156,13.081466666666666
2016-10-10,12.0607,12.9169
2016-10-11,11.7624,12.685266666666665
2016-10-12,11.7846,12.431766666666666
2016-10-13,11.9092,12.224816666666667
2016-10-14,11.9891,12.067749999999998
2016-10-15,11.9361,11.9536
2016-10-16,11.9817,11.907016666666665
2016-10-17,11.9556,11.89385
2016-10-18,11.9959,11.926050000000002
2016-10-19,12.5926,11.961266666666667
2016-10-20,12.0463,12.075166666666666
2016-10-21,12.1297,12.0847
2016-10-22,12.1804,12.116966666666668
2016-10-23,12.1304,12.150083333333333
2016-10-24,12.0372,12.179216666666667
2016-10-25,11.9676,12.186099999999998
2016-10-26,11.3841,12.081933333333334
2016-10-27,11.5312,11.971566666666666
2016-10-28,11.4749,11.871816666666666
2016-10-29,11.1003,11.754233333333332
2016-10-30,10.4282,11.58255
2016-10-31,11.2296,11.314383333333334
2016-11-01,10.9578,11.191383333333334
2016-11-02,10.7735,11.120333333333333
2016-11-03,10.7977,10.99405
2016-11-04,10.8175,10.881183333333334
2016-11-05,11.0948,10.83405
2016-11-06,10.9917,10.94515
2016-11-07,10.9037,10.905500000000002
2016-11-08,10.8506,10.896483333333334
2016-11-09,10.8199,10.909333333333334
2016-11-10,10.6747,10.913033333333333
2016-11-11,10.514,10.889233333333332
2016-11-12,10.2924,10.792433333333333
2016-11-13,9.88765,10.675883333333333
2016-11-14,10.0982,10.506541666666667
2016-11-15,9.97194,10.381141666666666
2016-11-16,10.217,10.239815
2016-11-17,10.0596,10.163531666666666
2016-11-18,9.98835,10.087798333333334
2016-11-19,9.48282,10.037123333333334
2016-11-20,9.66121,9.969651666666667
2016-11-21,9.58016,9.89682
2016-11-22,9.62576,9.831523333333333
2016-11-23,9.91977,9.732983333333333
2016-11-24,9.84603,9.709678333333333
2016-11-25,9.22853,9.685958333333334
2016-11-26,9.41643,9.643576666666666
2016-11-27,9.31202,9.602780000000001
2016-11-28,8.99844,9.55809
2016-11-29,8.7287,9.453536666666666
2016-11-30,8.15548,9.255025000000002
2016-12-01,8.60162,8.973266666666667
2016-12-02,8.45557,8.868781666666665
2016-12-03,7.76633,8.708638333333333
2016-12-04,7.90343,8.451023333333334
2016-12-05,7.41059,8.268521666666667
2016-12-06,6.8046,8.048836666666666
2016-12-07,7.89483,7.82369
2016-12-08,8.3835,7.705891666666666
2016-12-09,8.16814,7.69388
2016-12-10,8.43837,7.760848333333333
2016-12-11,8.12641,7.8500049999999995
2016-12-12,8.19236,7.969308333333333
2016-12-13,8.5204,8.200601666666666
2016-12-14,8.4515,8.304863333333333
2016-12-15,8.23533,8.316196666666666
2016-12-16,7.85904,8.327395000000001
2016-12-17,7.85569,8.23084
2016-12-18,7.86052,8.18572
2016-12-19,7.86943,8.130413333333333
2016-12-20,7.63368,8.021918333333334
2016-12-21,7.66366,7.8856150000000005
2016-12-22,7.89904,7.790336666666668
2016-12-23,7.57695,7.7970033333333335
2016-12-24,7.15242,7.750546666666668
2016-12-25,7.26485,7.63253
2016-12-26,7.1321,7.531766666666667
2016-12-27,7.27637,7.44817
2016-12-28,7.14895,7.3836216666666665
2016-12-29,7.53913,7.258606666666668
2016-12-30,8.28988,7.252303333333333
2016-12-31,8.15115,7.44188
2017-01-01,7.98231,7.589596666666668
2017-01-02,8.17087,7.731298333333334
2017-01-03,8.37458,7.8803816666666675
2017-01-04,9.70929,8.084653333333334
2017-01-05,11.2868,8.446346666666665
2017-01-06,10.2858,8.945833333333333
2017-01-07,10.2409,9.301608333333332
2017-01-08,9.87258,9.678040000000001
2017-01-09,10.3138,9.961658333333332
2017-01-10,10.3695,10.284861666666666
2017-01-11,10.5415,10.394896666666666
2017-01-12,9.72139,10.27068
2017-01-13,9.82722,10.176611666666666
2017-01-14,9.78645,10.107665
2017-01-15,9.8292,10.09331
2017-01-16,9.88353,10.012543333333333
2017-01-17,9.63962,9.931548333333334
2017-01-18,10.2964,9.781235
2017-01-19,10.2405,9.877070000000002
2017-01-20,10.3868,9.94595
2017-01-21,10.5955,10.046008333333335
2017-01-22,10.9101,10.173725
2017-01-23,10.7099,10.34482
2017-01-24,10.7279,10.5232
2017-01-25,10.6185,10.595116666666666
2017-01-26,10.5672,10.658116666666666
2017-01-27,10.5841,10.688183333333333
2017-01-28,10.5383,10.686283333333334
2017-01-29,10.5617,10.624316666666665
2017-01-30,10.4938,10.599616666666666
2017-01-31,10.5642,10.560599999999999
2017-02-01,10.7413,10.551549999999999
2017-02-02,10.7355,10.580566666666666
2017-02-03,10.8125,10.6058
2017-02-04,11.1287,10.6515
2017-02-05,11.4422,10.746
2017-02-06,11.3539,10.904066666666667
2017-02-07,11.4253,11.035683333333333
2017-02-08,11.5402,11.149683333333334
2017-02-09,11.4359,11.2838
2017-02-10,11.045,11.3877
2017-02-11,11.2908,11.373750000000001
2017-02-12,11.3533,11.348516666666669
2017-02-13,11.3836,11.348416666666667
2017-02-14,11.2864,11.341466666666667
2017-02-15,13.0397,11.299166666666666
2017-02-16,12.921,11.566466666666665
2017-02-17,12.8985,11.879133333333334
2017-02-18,12.7084,12.147083333333333
2017-02-19,12.8176,12.372933333333334
2017-02-20,12.7652,12.611933333333333
2017-02-21,12.3422,12.858400000000001
2017-02-22,12.6872,12.74215
2017-02-23,12.5981,12.703183333333333
2017-02-24,13.1343,12.653116666666667
2017-02-25,13.0638,12.7241
2017-02-26,13.5177,12.765133333333333
2017-02-27,14.5058,12.89055
2017-02-28,15.4507,13.25115
2017-03-01,15.8472,13.711733333333333
2017-03-02,17.355301,14.25325
2017-03-03,19.042801,14.956750166666668
2017-03-04,19.517099,15.953250333333335
2017-03-05,18.5028,16.953150166666667
2017-03-06,19.282301,17.619316833333333
2017-03-07,19.5791,18.257917
2017-03-08,18.8825,18.879900333333335
2017-03-09,16.6401,19.1344335
2017-03-10,17.7409,18.733983333333335
2017-03-11,19.374599,18.437950166666667
2017-03-12,21.464899,18.58325
2017-03-13,23.5049,18.947016333333334
2017-03-14,28.571899,19.601316333333333
2017-03-15,28.6451,21.216216166666666
2017-03-16,35.3573,23.217049499999998
2017-03-17,45.929501,26.153116166666667
2017-03-18,46.874199,30.57893316666667
2017-03-19,35.529701,34.8138165
2017-03-20,44.833599,36.817949999999996
2017-03-21,43.5098,39.52823333333333
2017-03-22,43.122501,42.00568333333333
2017-03-23,42.565201,43.2998835
2017-03-24,43.638,42.739166833333336
2017-03-25,53.575901,42.199800333333336
2017-03-26,50.769901,45.207500333333336
2017-03-27,51.312099,46.196884000000004
2017-03-28,49.7104,47.49726716666667
2017-03-29,50.569302,48.59525033333333
2017-03-30,53.1245,49.92926716666667
2017-03-31,51.7537,51.510350499999994
2017-04-01,50.033699,51.206650333333336
2017-04-02,50.7384,51.083949999999994
2017-04-03,48.821201,50.9883335
2017-04-04,43.921799,50.840133666666674
2017-04-05,44.661098,49.7322165
2017-04-06,45.220501,48.3216495
2017-04-07,42.865101,47.232783000000005
2017-04-08,41.798401,46.038016666666664
2017-04-09,44.280399,44.54801683333333
2017-04-10,43.277599,43.7912165
2017-04-11,43.5014,43.68384983333333
2017-04-12,43.462799,43.49056683333333
2017-04-13,46.3106,43.1976165
2017-04-14,49.971401,43.77186633333334
2017-04-15,47.653702,45.134032999999995
2017-04-16,49.0378,45.696250166666665
2017-04-17,48.659698,46.65628366666667
2017-04-18,48.319,47.516
2017-04-19,50.729,48.325366833333334
2017-04-20,48.132301,49.06176683333334
2017-04-21,49.643299,48.75525016666666
2017-04-22,48.1824,49.086849666666666
2017-04-23,48.592499,48.944283000000006
2017-04-24,48.866699,48.93308316666667
2017-04-25,50.0746,49.024366333333326
2017-04-26,49.909401,48.91529966666667
2017-04-27,52.805698,49.211482999999994
2017-04-28,62.226898,49.7385495
2017-04-29,71.389603,52.079299166666665
2017-04-30,68.540604,55.87881649999999
2017-05-01,79.321602,59.15780066666667
2017-05-02,76.653397,64.032301
2017-05-03,77.253998,68.48963366666668
2017-05-04,79.720398,72.56435033333334
2017-05-05,96.734703,75.47993366666667
2017-05-06,94.912102,79.70411700000001
2017-05-07,97.8694,84.09936666666667
2017-05-08,93.747002,87.19066633333334
2017-05-09,91.227997,90.03960049999999
2017-05-10,91.1511,92.36860033333333
2017-05-11,89.770699,94.27371733333332
2017-05-12,89.428596,93.11305
2017-05-13,88.694397,92.19913233333334
2017-05-14,90.871597,90.66996516666666
2017-05-15,90.784103,90.19073099999999
2017-05-16,92.387703,90.11674866666668
2017-05-17,89.250298,90.32284916666667
2017-05-18,89.840401,90.23611566666666
2017-05-19,97.052803,90.30474983333333
2017-05-20,129.222,91.6978175
2017-05-21,127.537003,98.08955133333335
2017-05-22,158.173004,104.21503466666667
2017-05-23,170.817993,115.1792515
2017-05-24,182.649002,128.77386733333333
2017-05-25,189.848999,144.24196750000002
2017-05-26,175.216995,159.70800016666666
2017-05-27,159.817001,167.37383266666666
2017-05-28,158.817001,172.75383233333332
2017-05-29,170.134995,172.86116516666667
2017-05-30,195.613007,172.74733216666667
2017-05-31,231.578003,174.90799966666668
2017-06-01,230.886002,181.86283366666666
2017-06-02,222.285995,191.1410015
2017-06-03,223.464005,201.55250049999998
2017-06-04,224.117004,212.3270011666667
2017-06-05,245.261993,221.32400266666664
2017-06-06,248.598999,229.59883366666668
2017-06-07,264.26001,232.43566633333333
2017-06-08,257.990997,237.99800100000002
2017-06-09,261.748993,243.9488346666667
2017-06-10,282.014008,250.329666
2017-06-11,338.794006,259.9791666666667
2017-06-12,341.164001,275.5678355
2017-06-13,395.686005,290.9953358333333
2017-06-14,397.588989,312.8996683333333
2017-06-15,358.506989,336.16600033333333
2017-06-16,361.182007,352.29233300000004
2017-06-17,369.882996,365.48699949999997
2017-06-18,379.519012,370.66849783333333
2017-06-19,371.864014,377.06099966666665
2017-06-20,370.326996,373.0906678333333
2017-06-21,359.540009,368.5470023333333
2017-06-22,337.733002,368.71917233333335
2017-06-23,336.484985,364.8110048333333
2017-06-24,341.625,359.24466966666665
2017-06-25,323.466003,352.92900099999997
2017-06-26,302.954987,344.8626658333333
2017-06-27,272.691986,333.63399766666663
2017-06-28,293.041992,319.1593271666667
2017-06-29,328.365997,311.7108255
2017-06-30,303.152008,310.35766083333334
2017-07-01,293.352997,303.94549550000005
2017-07-02,275.122986,298.9266611666667
2017-07-03,288.414001,294.2879943333333
2017-07-04,282.19101,296.90833016666664
2017-07-05,273.098999,295.09983316666666
2017-07-06,268.858002,285.88866683333333
2017-07-07,270.350006,280.17299916666667
2017-07-08,245.889999,276.3391673333333
2017-07-09,251.822006,271.4670028333333
2017-07-10,243.011002,265.368337
2017-07-11,211.524994,258.83833566666664
2017-07-12,197.151993,248.5760015
2017-07-13,231.811996,236.625
2017-07-14,209.529007,230.2019983333333
2017-07-15,199.709,224.141833
2017-07-16,169.574005,215.456332
2017-07-17,159.990997,203.2168325
2017-07-18,195.026993,194.627833
2017-07-19,234.940994,194.27366633333335
2017-07-20,205.421997,194.795166
2017-07-21,226.061005,194.11066433333335
2017-07-22,217.860001,198.50266516666667
2017-07-23,229.123001,206.55033116666667
2017-07-24,226.285004,218.07233183333335
2017-07-25,224.373001,223.2820003333333
2017-07-26,207.085999,221.5206681666667
2017-07-27,204.856003,221.7980018333333
2017-07-28,204.324997,218.26383483333333
2017-07-29,193.341003,216.0080008333333
2017-07-30,206.735992,210.0443345
2017-07-31,197.404999,206.78616583333329
2017-08-01,204.688004,202.29149883333332
2017-08-02,227.005997,201.89183300000002
2017-08-03,220.179993,205.58349866666666
2017-08-04,225.307999,208.225998
2017-08-05,222.852005,213.5538306666667
2017-08-06,256.419006,216.23983283333334
2017-08-07,261.237,226.07550066666667
2017-08-08,269.100006,235.50033333333332
2017-08-09,297.631989,242.51600150000002
2017-08-10,296.960999,255.42466750000003
2017-08-11,294.494995,267.36683416666665
2017-08-12,308.709991,279.30733250000003
2017-08-13,310.365997,288.02249666666665
2017-08-14,298.031006,296.21066283333334
2017-08-15,299.951996,301.0324961666667
2017-08-16,289.819,301.41916399999997
2017-08-17,302.804993,300.22883083333335
2017-08-18,301.696991,301.6138305
2017-08-19,296.181,300.44499716666667
2017-08-20,296.644012,298.08083100000005
2017-08-21,300.476013,297.84966533333335
2017-08-22,321.054993,297.9370015
2017-08-23,315.265991,303.1430003333333
2017-08-24,317.447998,305.2198333333333
2017-08-25,326.109009,307.8450011666667
2017-08-26,331.98999,312.8330026666667
2017-08-27,334.356995,318.723999
2017-08-28,350.042999,324.37082933333335
2017-08-29,347.964996,329.20216366666665
2017-08-30,369.472992,334.6519978333333
2017-08-31,378.44101,343.3228301666666
2017-09-01,383.46701,352.0448303333333
2017-09-02,387.824005,360.62433366666664
2017-09-03,350.229004,369.535502
2017-09-04,347.132996,369.5665028333333
2017-09-05,297.566986,369.4278361666666
2017-09-06,313.802002,357.44350183333336
2017-09-07,333.519012,346.67033383333336
2017-09-08,329.635986,338.3456675
2017-09-09,296.169006,328.64766433333335
2017-09-10,294.063995,319.6376646666667
2017-09-11,289.744995,310.79283116666664
2017-09-12,294.630005,309.489166
2017-09-13,291.122009,306.2938331666667
2017-09-14,276.587006,299.227666
2017-09-15,215.220993,290.3861693333333
2017-09-16,250.865997,276.8948338333333
2017-09-17,245.848999,269.69516749999997
2017-09-18,252.227005,262.37916816666666
2017-09-19,293.656006,255.31200149999998
2017-09-20,282.015015,255.73433433333332
2017-09-21,283.263,256.6390025
2017-09-22,258.114014,267.979337
2017-09-23,264.598999,269.1873398333333
2017-09-24,286.213989,272.3123398333333
2017-09-25,282.217987,277.97683716666666
2017-09-26,292.346008,276.07050066666665
2017-09-27,287.019989,277.7923328333333
2017-09-28,306.471008,278.4184976666666
2017-09-29,299.119995,286.4779966666667
2017-09-30,291.47699,292.23149600000005
2017-10-01,301.546997,293.1086628333333
2017-10-02,302.481995,296.33016449999997
2017-10-03,297.483002,298.01949566666667
2017-10-04,292.753998,299.76333116666666
2017-10-05,292.77301,297.47716283333335
2017-10-06,295.154999,296.419332
2017-10-07,308.891998,297.0323335
2017-10-08,311.05899,298.25650033333335
2017-10-09,308.666992,299.6859995
2017-10-10,297.601013,301.5499978333333
2017-10-11,301.181,302.35783366666664
2017-10-12,303.497986,303.7591653333333
2017-10-13,304.07901,305.1496631666667
2017-10-14,338.85199,304.34749850000003
2017-10-15,339.528992,308.9796651666667
2017-10-16,336.710999,314.12333183333334
2017-10-17,333.484009,320.6416628333333
2017-10-18,316.944,326.0254976666667
2017-10-19,314.537994,328.2665
2017-10-20,308.04599,330.00966400000004
2017-10-21,303.571991,324.8753306666667
2017-10-22,300.549011,318.8824971666667
2017-10-23,295.096008,312.8554991666667
2017-10-24,287.119995,306.45749900000004
2017-10-25,298.437012,301.4868315
2017-10-26,298.022003,298.8033345
2017-10-27,296.507996,297.13267
2017-10-28,297.915009,295.9553375
2017-10-29,296.381012,295.5163371666667
2017-10-30,304.782013,295.7305045
2017-10-31,307.377991,298.67417416666666
2017-11-01,305.761993,300.1643373333333
2017-11-02,290.725006,301.4543356666666
2017-11-03,288.497009,300.49050400000004
2017-11-04,305.480988,298.92083733333334
2017-11-05,300.036987,300.4375
2017-11-06,296.427002,299.6466623333333
2017-11-07,298.567993,297.8214975
2017-11-08,294.270996,296.6224975
2017-11-09,308.644989,297.21349583333335
2017-11-10,320.67099,300.57149250000003
2017-11-11,298.585999,303.1031595
2017-11-12,314.690002,302.8613281666667
2017-11-13,307.024994,305.9051615
2017-11-14,316.763,307.3146616666667
2017-11-15,337.963989,311.063329
2017-11-16,333.442993,315.94982899999997
2017-11-17,330.166992,318.07849616666664
2017-11-18,331.980011,323.341995
2017-11-19,347.401001,326.22366316666665
2017-11-20,354.093994,332.95299766666665
2017-11-21,367.442993,339.17483
2017-11-22,360.312012,344.08799733333336
2017-11-23,381.438995,348.5661671666667
2017-11-24,412.501007,357.11150100000003
2017-11-25,475.675995,370.53166699999997
2017-11-26,465.973999,391.9108326666667
2017-11-27,471.531006,410.5575001666666
2017-11-28,480.518005,427.9055023333333
2017-11-29,473.281006,447.93983449999996
2017-11-30,431.214996,463.2468363333333
2017-12-01,445.209015,466.36583450000006
2017-12-02,466.851013,461.2880045
2017-12-03,463.704987,461.43417350000004
2017-12-04,466.053986,460.129837
2017-12-05,470.294006,457.7191671666667
2017-12-06,462.604004,457.22133383333335
2017-12-07,426.368988,462.4528351666666
2017-12-08,434.989014,459.3128306666667
2017-12-09,457.343994,454.00249749999995
2017-12-10,472.789001,452.942332
2017-12-11,440.358002,454.0648345
2017-12-12,522.286011,449.07550050000003
2017-12-13,644.906006,459.02250166666664
2017-12-14,700.593994,495.445338
2017-12-15,696.375977,539.7128346666667
2017-12-16,686.192017,579.5514985
2017-12-17,696.237,615.1186678333333
2017-12-18,721.731995,657.7651675
2017-12-19,793.901001,691.0061648333334
2017-12-20,827.515991,715.838664
2017-12-21,820.236023,736.9923301666668
2017-12-22,822.643005,757.6356711666667
2017-12-23,681.315979,780.3775025
2017-12-24,721.768982,777.8906656666667
2017-12-25,698.869995,777.8968301666667
2017-12-26,763.369995,762.0583291666667
2017-12-27,774.969971,751.3673298333333
2017-12-28,762.208008,743.8229878333333
2017-12-29,740.388977,733.7504883333335
2017-12-30,753.815002,743.595988
2017-12-31,712.211975,748.9369913333334
2018-01-01,755.757019,751.1606546666667
2018-01-02,772.346008,749.8918253333333
2018-01-03,886.0,749.4544981666668
2018-01-04,961.713013,770.0864968333334
2018-01-05,975.75,806.9738361666667
2018-01-06,995.153992,843.9630025
2018-01-07,1043.01001,891.1200053333332
2018-01-08,1158.26001,938.9955038333334
2018-01-09,1146.0,1003.3145041666667
2018-01-10,1300.339966,1046.6478375
2018-01-11,1268.089966,1103.085663
2018-01-12,1158.290039,1151.8089906666667
2018-01-13,1270.469971,1178.9983318333334
2018-01-14,1397.47998,1216.9083253333336
2018-01-15,1365.209961,1256.7783203333336
2018-01-16,1292.630005,1293.3133138333335
2018-01-17,1061.339966,1292.0283203333333
2018-01-18,1016.440002,1257.5699869999999
2018-01-19,1028.819946,1233.9283141666667
2018-01-20,1044.949951,1193.6533100000001
2018-01-21,1155.680054,1134.8983051666667
2018-01-22,1055.349976,1099.976654
2018-01-23,1004.169983,1060.4299825
2018-01-24,987.47699,1050.9016519999998
2018-01-25,1063.219971,1046.0744833333333
2018-01-26,1052.699951,1051.8078208333334
2018-01-27,1055.75,1053.0994875
2018-01-28,1111.780029,1036.4444784999998
2018-01-29,1246.699951,1045.8494873333334
2018-01-30,1184.130005,1086.2711486666667
2018-01-31,1071.089966,1119.0466511666666
2018-02-01,1119.369995,1120.358317
2018-02-02,1035.77002,1131.4699910000002
2018-02-03,919.210999,1128.1399943333333
2018-02-04,964.666992,1096.045156
2018-02-05,834.958008,1049.0396628333335
2018-02-06,707.737,990.8443299999999
2018-02-07,790.427979,930.2855023333333
2018-02-08,755.843018,875.461833
2018-02-09,818.47998,828.8073326666666
2018-02-10,882.46698,812.0188294999999
2018-02-11,859.288025,798.3188274999999
2018-02-12,817.507996,802.3738303333333
2018-02-13,869.29303,820.6689963333333
2018-02-14,844.278992,833.8131715
2018-02-15,923.728027,848.5525005000001
2018-02-16,934.786011,866.0938416666668
2018-02-17,944.747986,874.8136801666668
2018-02-18,973.348999,889.057007
2018-02-19,921.66803,915.0305075
2018-02-20,943.567017,923.7596741666667
2018-02-21,894.13501,940.3076783333332
2018-02-22,849.262024,935.3755088333332
2018-02-23,811.585022,921.1215109999999
2018-02-24,861.593018,898.9276836666668
2018-02-25,839.458984,880.3016868333334
2018-02-26,845.278015,866.6001791666666
2018-02-27,870.36499,850.2186788333333
2018-02-28,877.934021,846.2570088333333
2018-03-01,856.012024,851.035675
2018-03-02,871.763977,858.4401753333333
2018-03-03,856.710999,860.1353351666667
2018-03-04,856.185974,863.010671
2018-03-05,866.846008,864.8286641666667
2018-03-06,853.817017,864.2421671666667
2018-03-07,816.270996,860.2226665
2018-03-08,752.570007,853.5991618333333
2018-03-09,702.197021,833.7335001666667
2018-03-10,730.159973,807.9811705000001
2018-03-11,685.312012,786.976837
2018-03-12,724.406006,756.721171
2018-03-13,698.153015,735.1526691666667
2018-03-14,691.218994,715.4663390000001
2018-03-15,614.838989,705.2411701666666
2018-03-16,611.778015,690.6814981666666
2018-03-17,601.677979,670.9511718333333
2018-03-18,551.640015,657.0121663333333
2018-03-19,546.625977,628.2178345
2018-03-20,556.721985,602.9633281666667
2018-03-21,559.099976,580.5471600000001
2018-03-22,562.103027,571.2573245
2018-03-23,539.864014,562.9781598333333
2018-03-24,542.572021,552.6758323333333
2018-03-25,522.703003,551.1645
2018-03-26,524.286987,547.1773376666666
2018-03-27,489.589996,541.7715046666666
2018-03-28,450.290985,530.186508
2018-03-29,448.075012,511.5511676666667
2018-03-30,385.904999,496.2530006666666
2018-03-31,395.003998,470.1418303333333
2018-04-01,397.253998,448.8586628333333
2018-04-02,379.699005,427.68649800000003
2018-04-03,387.312012,409.3713328333333
2018-04-04,416.484985,398.8748373333333
2018-04-05,379.946991,393.6098328333333
2018-04-06,382.730988,392.6168315
2018-04-07,370.380005,390.5713298333333
2018-04-08,385.743011,386.092331
2018-04-09,400.856995,387.09966533333335
2018-04-10,399.411011,389.3571625
2018-04-11,415.023987,386.5115001666666
2018-04-12,430.161011,392.35766616666666
2018-04-13,493.160004,400.26267
2018-04-14,492.579987,420.72600316666666
2018-04-15,502.880005,438.5321658333333
2018-04-16,532.073975,455.5360008333333
2018-04-17,511.144989,477.6464948333334
2018-04-18,503.30899,493.66666183333336
2018-04-19,524.038025,505.8579916666667
2018-04-20,567.989014,511.0043285
2018-04-21,616.004028,523.5724996666667
2018-04-22,606.119019,542.4265035
2018-04-23,621.198975,554.7673441666666
2018-04-24,643.39801,573.1096751666666
2018-04-25,707.062012,596.4578451666666
2018-04-26,618.078979,626.9618429999999
2018-04-27,662.109009,635.3101704999999
2018-04-28,644.645996,642.994334
2018-04-29,683.911987,649.4154968333333
2018-04-30,689.760986,659.8676654999999
2018-05-01,670.463013,667.5948281666666
2018-05-02,674.075012,661.494995
2018-05-03,686.591003,670.8276671666667
2018-05-04,776.775024,674.9079995000001
2018-05-05,784.583008,696.9295041666666
2018-05-06,816.088013,713.7080076666667
2018-05-07,793.338989,734.7625121666666
2018-05-08,755.008972,755.2418415000001
2018-05-09,752.901978,768.7308348333332
2018-05-10,752.578979,779.782664
2018-05-11,727.013,775.7499898333332
2018-05-12,679.877014,766.1549885000001
2018-05-13,687.174988,743.4531553333333
2018-05-14,732.732971,725.7591551666668
2018-05-15,731.143005,722.0464883333334
2018-05-16,708.086975,718.4199928333334
2018-05-17,708.718018,711.0046588333333
2018-05-18,672.10199,707.9554951666668
2018-05-19,695.072021,706.6596578333333
2018-05-20,697.922974,707.97583
2018-05-21,717.192993,702.1741638333333
2018-05-22,700.177979,699.8491618333333
2018-05-23,646.669983,698.5309958333332
2018-05-24,584.536011,688.1896566666668
2018-05-25,602.140015,673.5953268333334
2018-05-26,587.426025,658.1066591666666
2018-05-27,588.52002,639.690501
2018-05-28,573.044983,618.2450055
2018-05-29,516.14801,597.0561728333333
2018-05-30,566.830017,575.3025106666668
2018-05-31,558.497009,572.3515116666666
2018-06-01,578.671997,565.0776773333333
2018-06-02,580.429016,563.6186726666667
2018-06-03,591.258972,562.270172
2018-06-04,619.437012,565.3058368333334
2018-06-05,593.406006,582.5206704999999
2018-06-06,610.262024,586.950002
2018-06-07,607.687012,595.5775045
2018-06-08,605.442993,600.4133403333334
2018-06-09,600.905029,604.5823365
2018-06-10,594.344971,606.1900126666666
2018-06-11,524.856995,602.0080058333333
2018-06-12,532.710022,590.5831706666667
2018-06-13,498.018005,577.6578370000001
2018-06-14,478.381012,559.3796691666666
2018-06-15,520.47998,538.2026723333333
2018-06-16,490.414001,524.7984974999999
2018-06-17,499.459991,507.4766691666667
2018-06-18,499.382996,503.24383516666666
2018-06-19,519.02301,497.6893308333333
2018-06-20,538.505981,501.190165
2018-06-21,536.447021,511.2109931666667
2018-06-22,527.19397,513.8721666666667
2018-06-23,466.273987,520.0021614999999
2018-06-24,474.768005,514.4711608333333
2018-06-25,455.936005,510.3686623333333
2018-06-26,460.733002,499.8541615
2018-06-27,432.243988,486.89199833333333
2018-06-28,442.290009,469.52482616666674
2018-06-29,422.587006,455.374166
2018-06-30,436.209015,448.0930025
2018-07-01,455.242004,441.6665041666667
2018-07-02,453.824005,441.5508373333334
2018-07-03,475.385986,440.3993378333334
2018-07-04,464.151001,447.5896708333333
2018-07-05,467.286987,451.23316950000003
2018-07-06,474.356995,458.6831663333333
2018-07-07,474.057007,465.04116300000004
2018-07-08,492.067993,468.1769968333333
2018-07-09,488.877991,474.55099483333333
2018-07-10,476.161987,476.79966233333334
2018-07-11,434.515015,478.8014933333333
2018-07-12,446.502014,473.339498
2018-07-13,430.740997,468.69700116666667
2018-07-14,434.510986,461.47766616666667
2018-07-15,435.882996,451.8848316666667
2018-07-16,450.424988,443.0523325
2018-07-17,480.076996,438.7628326666667
2018-07-18,500.838013,446.35649616666666
2018-07-19,480.627991,455.412496
2018-07-20,469.307007,463.726995
2018-07-21,450.678986,469.52633183333336
2018-07-22,462.437988,471.9923301666667
2018-07-23,459.438995,473.99449683333336
2018-07-24,451.135986,470.55483000000004
2018-07-25,479.906006,462.27115883333335
2018-07-26,472.330994,462.15082800000005
2018-07-27,464.009003,462.6548258333333
2018-07-28,469.678009,464.87649533333337
2018-07-29,466.915009,466.08316549999995
2018-07-30,466.826996,467.3291678333333
2018-07-31,457.244995,469.9443361666667
2018-08-01,433.868988,466.16750099999996
2018-08-02,420.806,459.7571666666667
2018-08-03,412.566986,452.5566661666667
2018-08-04,418.237,443.03816233333333
2018-08-05,407.346008,434.9251608333334
2018-08-06,410.566986,425.01166283333333
2018-08-07,406.800995,417.23199466666665
2018-08-08,379.891998,412.72066249999995
2018-08-09,356.971008,405.90166216666665
2018-08-10,365.776001,396.63566583333335
2018-08-11,334.264008,387.8921659999999
2018-08-12,320.822998,375.7118326666666
2018-08-13,320.209991,360.75450133333334
2018-08-14,286.36499,346.32266733333336
2018-08-15,280.386993,330.73483266666665
2018-08-16,282.740997,317.97083016666664
2018-08-17,287.683014,304.13166283333334
2018-08-18,316.790985,296.3681638333333
2018-08-19,295.670013,295.6961616666667
2018-08-20,301.381012,291.6061653333333
2018-08-21,273.330994,294.10883566666666
2018-08-22,281.967987,292.9328358333333
2018-08-23,271.747986,292.8040008333333
2018-08-24,278.110992,290.1481628333333
2018-08-25,283.281006,283.7014973333333
2018-08-26,279.524994,281.63666283333333
2018-08-27,275.350006,277.99399316666666
2018-08-28,286.648987,278.3304951666667
2018-08-29,296.162994,279.1106618333333
2018-08-30,289.752991,283.1798298333333
2018-08-31,284.119995,285.120163
2018-09-01,283.496002,285.2599945
2018-09-02,295.453003,285.92182916666667
2018-09-03,295.181,289.2723286666667
2018-09-04,289.296997,290.6943308333333
2018-09-05,286.045013,289.54999799999996
2018-09-06,231.647995,288.9320016666667
2018-09-07,229.535004,280.18666833333333
2018-09-08,217.912003,271.1931686666666
2018-09-09,198.384995,258.2696686666667
2018-09-10,197.850998,242.13700116666666
2018-09-11,198.177002,226.89600133333332
2018-09-12,185.423004,212.25133283333332
2018-09-13,183.679001,204.54716766666664
2018-09-14,212.669006,196.9045005
2018-09-15,209.813995,196.03066766666666
2018-09-16,222.802994,197.93550100000002
2018-09-17,221.582001,202.094167
2018-09-18,197.095001,205.99500016666664
2018-09-19,209.472,207.940333
2018-09-20,210.287994,212.23916616666668
2018-09-21,225.251007,211.84233083333334
2018-09-22,247.337006,214.41516616666664
2018-09-23,240.992004,218.50416816666666
2018-09-24,244.843994,221.7391686666667
2018-09-25,228.326996,229.69733416666668
2018-09-26,218.647003,232.83983350000003
2018-09-27,215.440002,234.23300166666664
2018-09-28,229.041,232.59783416666667
2018-09-29,221.705002,229.54849983333335
2018-09-30,231.328995,226.3339995
2018-10-01,233.220001,224.08149966666664
2018-10-02,231.100006,224.89700050000002
2018-10-03,226.406998,226.972501
2018-10-04,220.445999,228.80033366666666
2018-10-05,222.266998,227.3678335
2018-10-06,227.552002,227.46149949999997
2018-10-07,225.434998,226.8320006666667
2018-10-08,226.509003,225.53450016666667
2018-10-09,229.710007,224.769333
2018-10-10,227.615005,225.31983449999998
2018-10-11,225.610001,226.51466883333333
2018-10-12,188.707001,227.071836
2018-10-13,196.363998,220.5976691666667
2018-10-14,199.690994,215.7525025
2018-10-15,195.270004,211.28283433333334
2018-10-16,209.628006,205.54283383333333
2018-10-17,210.216995,202.54500066666665
2018-10-18,207.404007,199.97949966666667
2018-10-19,203.257004,203.09566733333335
2018-10-20,203.514999,204.24450166666668
2018-10-21,205.389999,204.88183583333333
2018-10-22,205.173996,206.56850166666666
2018-10-23,204.016006,205.8261666666667
2018-10-24,204.126999,204.7926685
2018-10-25,203.867996,204.2465005
2018-10-26,202.335999,204.3483325
2018-10-27,203.356003,204.15183249999998
2018-10-28,204.509995,203.81283316666668
2018-10-29,205.173996,203.70216633333334
2018-10-30,197.203003,203.89516466666666
2018-10-31,197.649002,202.74116533333333
2018-11-01,197.537003,201.7046663333333
2018-11-02,198.981995,200.9048336666667
2018-11-03,200.740005,200.17583233333332
2018-11-04,200.158005,199.54750066666668
2018-11-05,207.100006,198.7115021666667
2018-11-06,209.473999,200.36100266666665
2018-11-07,218.899002,202.3318355
2018-11-08,217.326996,205.89216866666666
2018-11-09,211.987,208.94966883333333
2018-11-10,209.975006,210.82416800000001
2018-11-11,212.479004,212.46033483333335
2018-11-12,211.513,213.3568345
2018-11-13,210.149002,213.69666799999996
2018-11-14,206.533997,212.23833466666667
2018-11-15,181.899002,210.4395015
2018-11-16,180.865005,205.42483516666667
2018-11-17,175.360001,200.57316833333334
2018-11-18,174.175003,194.38666783333335
2018-11-19,177.179001,188.16366833333333
2018-11-20,148.811005,182.66866816666666
2018-11-21,131.141998,173.0481695
2018-11-22,136.811005,164.58866883333334
2018-11-23,126.418999,157.24633550000001
2018-11-24,123.304001,149.08950183333334
2018-11-25,113.125999,140.61100150000001
2018-11-26,116.343002,129.93550116666665
2018-11-27,107.913002,124.52416733333332
2018-11-28,110.197998,120.652668
2018-11-29,122.72155,116.21716683333334
2018-11-30,117.728096,115.60092533333334
2018-12-01,113.397758,114.67160783333333
2018-12-02,118.26815,114.71690100000001
2018-12-03,116.378761,115.037759
2018-12-04,108.803162,116.44871883333332
2018-12-05,110.335518,116.21624616666666
2018-12-06,102.450592,114.1519075
2018-12-07,91.649834,111.60565683333334
2018-12-08,93.41008,107.98100283333332
2018-12-09,92.035431,103.83799116666665
2018-12-10,94.992172,99.7807695
2018-12-11,91.578934,97.47893783333332
2018-12-12,88.610703,94.3528405
2018-12-13,90.655228,92.04619233333334
2018-12-14,86.630356,91.88042466666667
2018-12-15,84.279694,90.75047066666667
2018-12-16,84.469406,89.45784783333333
2018-12-17,85.382111,87.7040535
2018-12-18,95.10804,86.67124966666667
2018-12-19,101.683846,87.75413916666666
2018-12-20,101.090439,89.59224216666667
2018-12-21,115.835403,92.002256
2018-12-22,109.45594,97.26154083333334
2018-12-23,117.273895,101.42596316666668
2018-12-24,130.641663,106.7412605
2018-12-25,140.997589,112.66353099999999
2018-12-26,129.888824,119.21582149999999
2018-12-27,131.923584,124.01555233333333
2018-12-28,116.898201,126.69691583333334
2018-12-29,138.468781,127.93729266666666
2018-12-30,137.627457,131.46977366666667
2018-12-31,140.031067,132.63407266666667
2019-01-01,133.418152,132.4729856666667
2019-01-02,141.519516,133.061207
2019-01-03,155.196045,134.660529
2019-01-04,148.912888,141.043503
2019-01-05,154.337418,142.7841875
2019-01-06,155.80423,145.569181
2019-01-07,157.809494,148.19804150000002
2019-01-08,151.967545,152.26326516666668
2019-01-09,150.554688,154.00460333333334
2019-01-10,150.843506,153.23104383333333
2019-01-11,127.813965,153.55281349999998
2019-01-12,127.528084,149.132238
2019-01-13,125.907227,144.419547
2019-01-14,116.979095,139.10250249999999
2019-01-15,129.172684,133.27109416666667
2019-01-16,121.809242,129.70742683333333
2019-01-17,123.57354,124.86838283333334
2019-01-18,123.654655,124.16164533333334
2019-01-19,121.614426,123.51607383333334
2019-01-20,124.632401,122.80060700000001
2019-01-21,119.636459,124.076158
2019-01-22,117.110756,122.48678716666666
2019-01-23,118.713814,121.70370616666666
2019-01-24,117.462784,120.89375183333333
2019-01-25,117.594955,119.86177333333335
2019-01-26,116.373528,119.1918615
2019-01-27,116.510315,117.81538266666666
2019-01-28,113.285233,117.29435866666667
2019-01-29,106.721954,116.65677149999999
2019-01-30,105.407204,114.65812816666669
2019-01-31,108.900772,112.64886483333333
2019-02-01,107.147682,111.19983433333333
2019-02-02,107.466415,109.66219333333333
2019-02-03,110.490318,108.15487666666667
2019-02-04,107.625824,107.6890575
2019-02-05,107.628166,107.83970249999999
2019-02-06,107.569305,108.20986283333332
2019-02-07,104.835777,107.98795166666667
2019-02-08,104.64505,107.60263416666665
2019-02-09,119.214111,107.13240666666667
2019-02-10,119.408966,108.58637216666666
2019-02-11,124.871536,110.55022916666667
2019-02-12,121.178574,113.42412416666667
2019-02-13,122.544289,115.69233566666666
2019-02-14,122.416985,118.64375433333333
2019-02-15,121.453697,121.6057435
2019-02-16,122.396454,121.97900783333334
2019-02-17,123.182083,122.4769225
2019-02-18,133.032547,122.19534700000001
2019-02-19,146.398819,124.17100916666668
2019-02-20,145.172729,128.14676416666666
2019-02-21,149.352325,131.93938816666667
2019-02-22,146.073257,136.5891595
2019-02-23,148.67662,140.53529333333333
2019-02-24,158.902405,144.78438283333335
2019-02-25,135.499725,149.09602583333333
2019-02-26,139.646088,147.27951016666665
2019-02-27,138.029572,146.3584033333333
2019-02-28,136.283081,144.47127783333335
2019-03-01,136.836243,142.83958183333334
2019-03-02,136.350082,140.86618566666667
2019-03-03,134.786118,137.10746516666669
2019-03-04,132.157883,136.98853066666666
2019-03-05,127.792953,135.7404965
2019-03-06,137.95874,134.03439333333333
2019-03-07,138.942383,134.3136698333333
2019-03-08,138.311356,134.66469316666667
2019-03-09,134.887558,134.99157216666666
2019-03-10,138.180496,135.00847883333333
2019-03-11,136.849533,136.01224766666667
2019-03-12,134.012848,137.52167766666665
2019-03-13,134.611771,136.864029
2019-03-14,133.203903,136.14226033333333
2019-03-15,133.567154,135.29101816666667
2019-03-16,137.911957,135.07095083333334
2019-03-17,142.238297,135.02619433333334
2019-03-18,140.104858,135.92432166666666
2019-03-19,139.254013,136.93965666666665
2019-03-20,140.484711,137.71336366666665
2019-03-21,140.478485,138.92683166666666
2019-03-22,136.562256,140.07872016666667
2019-03-23,137.039871,139.85377
2019-03-24,138.315353,138.98736566666668
2019-03-25,137.08136,138.68911483333332
2019-03-26,135.054321,138.327006
2019-03-27,135.454361,137.421941
2019-03-28,141.005844,136.58458699999997
2019-03-29,139.343201,137.325185
2019-03-30,142.359146,137.70907333333332
2019-03-31,142.139221,138.38303883333333
2019-04-01,141.465485,139.22601566666665
2019-04-02,141.839523,140.294543
2019-04-03,164.008636,141.3587366666667
2019-04-04,161.431763,145.19253533333332
2019-04-05,158.020004,148.87396233333334
2019-04-06,165.511246,151.48410533333333
2019-04-07,165.977249,155.37944283333334
2019-04-08,174.449677,159.46473683333332
2019-04-09,180.222122,164.89976249999998
2019-04-10,176.067841,167.60201016666667
2019-04-11,177.342758,170.0413565
2019-04-12,165.335205,173.2618155
2019-04-13,164.622849,173.23247533333333
2019-04-14,164.476089,173.006742
2019-04-15,167.897476,171.34447733333332
2019-04-16,161.52655,169.29036966666666
2019-04-17,167.553696,166.86682116666668
2019-04-18,166.913208,165.23531083333333
2019-04-19,173.787888,165.49831133333333
2019-04-20,173.718811,167.02581783333332
2019-04-21,173.715408,168.5662715
2019-04-22,170.017487,169.53592683333332
2019-04-23,172.007217,170.951083
2019-04-24,171.349533,171.6933365
2019-04-25,165.914734,172.432724
2019-04-26,154.579437,171.12053166666666
2019-04-27,156.270859,167.93063600000002
2019-04-28,158.499771,165.02321116666667
2019-04-29,157.291061,163.10359183333333
2019-04-30,155.172775,160.65089916666668
2019-05-01,162.186554,157.95477283333335
2019-05-02,160.853577,157.3334095
2019-05-03,162.075165,158.37909950000002
2019-05-04,167.887222,159.34648383333334
2019-05-05,164.015259,160.911059
2019-05-06,163.337982,162.03175866666666
2019-05-07,172.427277,163.3926265
2019-05-08,169.904205,165.09941366666666
2019-05-09,170.951874,166.60785166666668
2019-05-10,170.312973,168.08730316666666
2019-05-11,173.139313,168.491595
2019-05-12,194.163025,170.01227066666667
2019-05-13,187.417923,175.14977783333333
2019-05-14,196.738281,177.64821883333332
2019-05-15,217.010117,182.12056483333333
2019-05-16,246.941956,189.79693866666665
2019-05-17,263.848358,202.56843583333333
2019-05-18,243.911301,217.68661000000006
2019-05-19,234.449463,225.97798933333334
2019-05-20,261.267487,233.81657933333335
2019-05-21,251.647842,244.571447
2019-05-22,254.995316,250.34440116666667
2019-05-23,244.665115,251.68662783333335
2019-05-24,245.987091,248.48942066666666
2019-05-25,249.694046,248.83538566666667
2019-05-26,251.724792,251.37614950000003
2019-05-27,267.141876,249.78570033333335
2019-05-28,272.590485,252.36803933333331
2019-05-29,271.779053,255.30056749999997
2019-05-30,269.55188,259.81955716666664
2019-05-31,256.015259,263.74702199999996
2019-06-01,268.43335,264.8005575
2019-06-02,265.512726,267.58531716666664
2019-06-03,270.088562,267.31379216666664
2019-06-04,252.511642,266.89680500000003
2019-06-05,241.49704,263.6855698333333
2019-06-06,246.925247,259.0097631666667
2019-06-07,249.335281,257.4947611666667
2019-06-08,251.249313,254.31174966666666
2019-06-09,245.540482,251.93451416666664
2019-06-10,232.830139,247.84316750000002
2019-06-11,247.862122,244.562917
2019-06-12,245.925491,245.62376400000002
2019-06-13,260.913513,245.457138
2019-06-14,256.179657,247.38684333333336
2019-06-15,263.934143,248.20856733333335
2019-06-16,268.901154,251.27417749999998
2019-06-17,269.090576,257.28601333333336
2019-06-18,274.320251,260.824089
2019-06-19,265.056854,265.556549
2019-06-20,269.407867,266.2471058333333
2019-06-21,271.743103,268.45180750000003
2019-06-22,295.115082,269.75330083333336
2019-06-23,309.416687,274.12228883333336
2019-06-24,307.722137,280.8433073333333
2019-06-25,310.678619,286.4102883333333
2019-06-26,317.992584,294.01391583333333
2019-06-27,336.9599,302.1113686666667
2019-06-28,294.143036,312.98083483333335
2019-06-29,311.284424,312.8188271666667
2019-06-30,319.584045,313.13011666666665
2019-07-01,290.268494,315.10710133333333
2019-07-02,293.537262,311.70541383333335
2019-07-03,291.764618,307.62952683333333
2019-07-04,303.025085,300.09697983333336
2019-07-05,284.38092,301.5773213333333
2019-07-06,287.893829,297.093404
2019-07-07,287.603607,291.8117013333333
2019-07-08,305.734772,291.3675535
2019-07-09,313.325165,293.4004718333333
2019-07-10,308.851288,296.99389633333334
2019-07-11,289.945984,297.96493016666665
2019-07-12,268.692261,298.8924408333333
2019-07-13,276.289124,295.6921795
2019-07-14,269.281616,293.80643233333336
2019-07-15,227.965057,287.73090633333334
2019-07-16,229.748657,273.5042216666667
2019-07-17,199.066788,260.3204498333333
2019-07-18,211.444611,245.17391716666666
2019-07-19,226.6577,235.63264216666667
2019-07-20,221.412659,227.3607381666667
2019-07-21,229.167694,219.38257866666666
2019-07-22,225.698654,219.58301816666665
2019-07-23,217.568466,218.90801766666667
2019-07-24,212.553818,221.99163066666665
2019-07-25,216.969116,222.1764985
2019-07-26,219.628128,220.56173449999997
2019-07-27,219.61763,220.26431266666668
2019-07-28,207.413773,218.67263533333335
2019-07-29,211.123657,215.62515516666667
2019-07-30,211.339203,214.55102033333333
2019-07-31,210.492416,214.34858450000002
2019-08-01,218.554596,213.26913449999998
2019-08-02,217.88446,213.0902125
2019-08-03,217.895554,212.80135083333334
2019-08-04,222.580811,214.54831433333334
2019-08-05,222.650879,216.45784
2019-08-06,234.24559,218.34311933333333
2019-08-07,225.925293,222.30198166666665
2019-08-08,226.518478,223.53043116666666
2019-08-09,220.908646,224.96943416666667
2019-08-10,210.530167,225.47161616666668
2019-08-11,206.732239,223.4631755
2019-08-12,216.055908,220.8100688333333
2019-08-13,211.342697,217.77845516666665
2019-08-14,208.603989,215.34802249999998
2019-08-15,186.683502,212.36227433333332
2019-08-16,188.644257,206.65808366666667
2019-08-17,185.531662,203.010432
2019-08-18,185.841095,199.47700250000003
2019-08-19,194.55603,194.44120033333334
2019-08-20,202.813141,191.6434225
2019-08-21,196.621689,190.67828116666666
2019-08-22,186.941238,192.3346456666667
2019-08-23,191.106873,192.05080916666668
2019-08-24,194.671631,192.980011
2019-08-25,191.234787,194.45176700000002
2019-08-26,186.73555,193.8982265
2019-08-27,188.950058,191.218628
2019-08-28,187.495499,189.94002283333336
2019-08-29,173.958694,190.0323996666667
2019-08-30,169.489288,187.17436983333334
2019-08-31,168.887894,182.97731266666668
2019-09-01,172.458405,179.2528305
2019-09-02,171.697601,176.87330633333332
2019-09-03,178.357758,173.99789683333333
2019-09-04,179.491989,172.47493999999998
2019-09-05,175.966278,173.39715583333336
2019-09-06,174.172226,174.47665416666666
2019-09-07,169.955276,175.35737616666665
2019-09-08,178.282593,174.940188
2019-09-09,181.362488,176.03768666666667
2019-09-10,181.212845,176.53847499999998
2019-09-11,179.839493,176.82528433333334
2019-09-12,178.803772,177.47082016666664
2019-09-13,180.975586,178.2427445
2019-09-14,181.321579,180.07946283333334
2019-09-15,188.068436,180.58596050000003
2019-09-16,189.689331,181.70361850000003
2019-09-17,197.114761,183.1163661666667
2019-09-18,208.050598,185.9955775
2019-09-19,211.247238,190.87004850000002
2019-09-20,221.069626,195.91532383333333
2019-09-21,217.897385,202.53999833333333
2019-09-22,215.486557,207.51148983333334
2019-09-23,211.713211,211.8110275
2019-09-24,201.842087,214.24410249999997
2019-09-25,168.133575,213.20935066666667
2019-09-26,170.756912,206.02374016666667
