Time,ETH / USD Denominated Closing Price
2015/8/8,1.19999
2015/8/9,1.19999
2015/8/10,1.19999
2015/8/11,0.99
2015/8/12,1.288
2015/8/13,1.8848
2015/8/14,1.795044162
2015/8/15,1.782222443
2015/8/16,1.533073776
2015/8/17,1.29638
2015/8/18,1.084186569
2015/8/19,1.24
2015/8/20,1.5218
2015/8/21,1.43588
2015/8/22,1.4
2015/8/23,1.35
2015/8/24,1.23804
2015/8/25,1.27119
2015/8/26,1.18
2015/8/27,1.13646
2015/8/28,1.295
2015/8/29,1.179
2015/8/30,1.32
2015/8/31,1.30651
2015/9/1,1.36
2015/9/2,1.308280871
2015/9/3,1.23357
2015/9/4,1.23357
2015/9/5,1.362871072
2015/9/6,1.34
2015/9/7,1.27561
2015/9/8,1.263493787
2015/9/9,1.21
2015/9/10,1.1857
2015/9/11,0.927715708
2015/9/12,1.14639
2015/9/13,0.88557
2015/9/14,0.955
2015/9/15,0.95
2015/9/16,0.93634
2015/9/17,0.875
2015/9/18,0.85226
2015/9/19,0.88368948
2015/9/20,0.94116
2015/9/21,0.94116
2015/9/22,0.80588
2015/9/23,0.91
2015/9/24,0.8
2015/9/25,0.68233
2015/9/26,0.77032
2015/9/27,0.700769905
2015/9/28,0.604208065
2015/9/29,0.68163
2015/9/30,0.713644314
2015/10/1,0.654722555
2015/10/2,0.66467
2015/10/3,0.6796
2015/10/4,0.60954
2015/10/5,0.60777
2015/10/6,0.65114
2015/10/7,0.6
2015/10/8,0.633798841
2015/10/9,0.635190847
2015/10/10,0.635190847
2015/10/11,0.59931
2015/10/12,0.63
2015/10/13,0.601639344
2015/10/14,0.483236302
2015/10/15,0.559861986
2015/10/16,0.525
2015/10/17,0.52299
2015/10/18,0.505
2015/10/19,0.499479725
2015/10/20,0.440034717
2015/10/21,0.42
2015/10/22,0.546183514
2015/10/23,0.56491
2015/10/24,0.55606
2015/10/25,0.624364858
2015/10/26,0.700519544
2015/10/27,0.83
2015/10/28,0.99
2015/10/29,1.179406721
2015/10/30,1.120673366
2015/10/31,0.889342572
2015/11/1,0.99
2015/11/2,0.9878
2015/11/3,1.047362653
2015/11/4,0.799
2015/11/5,0.87638
2015/11/6,0.959652835
2015/11/7,0.911850193
2015/11/8,1
2015/11/9,0.998
2015/11/10,0.90191467
2015/11/11,0.750047341
2015/11/12,0.88
2015/11/13,0.89998422
2015/11/14,0.88
2015/11/15,0.91
2015/11/16,0.914427236
2015/11/17,0.999284629
2015/11/18,0.996753607
2015/11/19,0.94
2015/11/20,0.92
2015/11/21,0.96
2015/11/22,0.97
2015/11/23,0.92
2015/11/24,0.910014782
2015/11/25,0.87
2015/11/26,0.858832719
2015/11/27,0.88
2015/11/28,0.907557786
2015/11/29,0.87
2015/11/30,0.88
2015/12/1,0.863293396
2015/12/2,0.82
2015/12/3,0.83
2015/12/4,0.84
2015/12/5,0.86993
2015/12/6,0.82499
2015/12/7,0.78994398
2015/12/8,0.79461
2015/12/9,0.80511
2015/12/10,0.84374
2015/12/11,0.899800105
2015/12/12,0.96
2015/12/13,0.91994
2015/12/14,0.99
2015/12/15,1
2015/12/16,0.8671
2015/12/17,0.94
2015/12/18,0.9
2015/12/19,0.893520944
2015/12/20,0.96
2015/12/21,0.91
2015/12/22,0.88
2015/12/23,0.87093
2015/12/24,0.87
2015/12/25,0.865924905
2015/12/26,0.853
2015/12/27,0.86893
2015/12/28,0.842445938
2015/12/29,0.86
2015/12/30,0.896515517
2015/12/31,0.94884
2016/1/1,0.92037
2016/1/2,0.94999
2016/1/3,0.957062928
2016/1/4,0.95
2016/1/5,0.9426
2016/1/6,0.95
2016/1/7,0.939947483
2016/1/8,0.985
2016/1/9,0.969910046
2016/1/10,1
2016/1/11,1.070906733
2016/1/12,1.17745
2016/1/13,1.13743
2016/1/14,1.165920696
2016/1/15,1.290891047
2016/1/16,1.21179
2016/1/17,1.310936879
2016/1/18,1.466244182
2016/1/19,1.353046598
2016/1/20,1.45662153
2016/1/21,1.49593
2016/1/22,1.52
2016/1/23,2.012250536
2016/1/24,2.101384785
2016/1/25,2.53372159
2016/1/26,2.380586704
2016/1/27,2.401309818
2016/1/28,2.546453319
2016/1/29,2.487635451
2016/1/30,2.44067
2016/1/31,2.24267178
2016/2/1,2.167397367
2016/2/2,2.44653
2016/2/3,2.53
2016/2/4,2.55007
2016/2/5,2.56451
2016/2/6,2.54902
2016/2/7,2.898071101
2016/2/8,3.183772193
2016/2/9,3.893476765
2016/2/10,4.377682845
2016/2/11,5.871940323
2016/2/12,5.470403844
2016/2/13,5.218790624
2016/2/14,5.155843983
2016/2/15,5.152687376
2016/2/16,4.262366795
2016/2/17,3.810980289
2016/2/18,4.366827736
2016/2/19,4.585640583
2016/2/20,4.350489201
2016/2/21,4.624428605
2016/2/22,5.593708536
2016/2/23,5.609936197
2016/2/24,6.234281009
2016/2/25,6.072274345
2016/2/26,5.875550437
2016/2/27,6.310733888
2016/2/28,6.498836068
2016/2/29,6.333253431
2016/3/1,7.5263757
2016/3/2,8.518787908
2016/3/3,9.284910244
2016/3/4,9.978698143
2016/3/5,10.75100628
2016/3/6,10.98440672
2016/3/7,9.476884016
2016/3/8,9.772849628
2016/3/9,11.81709865
2016/3/10,11.16565112
2016/3/11,11.1229054
2016/3/12,13.28365882
2016/3/13,14.34005449
2016/3/14,12.31138585
2016/3/15,13.04229902
2016/3/16,12.70282095
2016/3/17,11.05033061
2016/3/18,10.84613985
2016/3/19,10.50163306
2016/3/20,10.24057179
2016/3/21,11.83476552
2016/3/22,11.29600894
2016/3/23,12.40522757
2016/3/24,11.16782094
2016/3/25,10.65611213
2016/3/26,11.00213229
2016/3/27,10.38643971
2016/3/28,11.65682228
2016/3/29,11.68895052
2016/3/30,11.8662581
2016/3/31,11.380502
2016/4/1,11.63468257
2016/4/2,11.62532648
2016/4/3,11.60973994
2016/4/4,11.12544643
2016/4/5,10.43644489
2016/4/6,10.72407408
2016/4/7,10.09231544
2016/4/8,9.714492462
2016/4/9,9.108830379
2016/4/10,8.871822924
2016/4/11,8.695256715
2016/4/12,7.494964174
2016/4/13,8.045424461
2016/4/14,8.455838275
2016/4/15,8.210572013
2016/4/16,8.574011391
2016/4/17,9.338502452
2016/4/18,8.987088524
2016/4/19,8.747548649
2016/4/20,8.505087213
2016/4/21,8.151817165
2016/4/22,7.906739117
2016/4/23,8.412477365
2016/4/24,8.007851146
2016/4/25,7.519648953
2016/4/26,7.432436472
2016/4/27,7.792925085
2016/4/28,7.254016844
2016/4/29,7.449840876
2016/4/30,8.817115894
2016/5/1,8.779748833
2016/5/2,10.07125278
2016/5/3,9.362546265
2016/5/4,9.377364057
2016/5/5,9.76751993
2016/5/6,9.376137618
2016/5/7,9.389553629
2016/5/8,9.5025564
2016/5/9,9.355568318
2016/5/10,9.392068591
2016/5/11,9.931943048
2016/5/12,10.08661006
2016/5/13,10.60198706
2016/5/14,10.23169773
2016/5/15,9.980708153
2016/5/16,11.11417694
2016/5/17,12.18612969
2016/5/18,13.36694918
2016/5/19,14.49554691
2016/5/20,13.65531947
2016/5/21,14.00697616
2016/5/22,14.22510076
2016/5/23,13.33805352
2016/5/24,12.75345791
2016/5/25,12.52300162
2016/5/26,12.52695202
2016/5/27,11.20723462
2016/5/28,11.87413581
2016/5/29,12.38200896
2016/5/30,12.68085955
2016/5/31,14.04674174
2016/6/1,13.91321921
2016/6/2,13.82794252
2016/6/3,13.89057349
2016/6/4,13.72400736
2016/6/5,13.93269087
2016/6/6,13.99154092
2016/6/7,14.53642036
2016/6/8,14.50367024
2016/6/9,14.47920547
2016/6/10,13.94947896
2016/6/11,14.22958048
2016/6/12,15.77416002
2016/6/13,17.67302421
2016/6/14,18.73749358
2016/6/15,18.40932921
2016/6/16,20.72886637
2016/6/17,15.45451763
2016/6/18,11.25958619
2016/6/19,12.31845337
2016/6/20,11.69314814
2016/6/21,13.05073803
2016/6/22,13.22615496
2016/6/23,13.79821217
2016/6/24,14.38460631
2016/6/25,14.3489549
2016/6/26,13.85083646
2016/6/27,14.06920941
2016/6/28,12.18804331
2016/6/29,12.71232855
2016/6/30,12.45677609
2016/7/1,12.27652637
2016/7/2,12.11150575
2016/7/3,11.8082437
2016/7/4,11.41856442
2016/7/5,10.51968501
2016/7/6,10.55904823
2016/7/7,10.1132562
2016/7/8,11.34970977
2016/7/9,10.95297404
2016/7/10,10.96154541
2016/7/11,10.56650381
2016/7/12,10.55334833
2016/7/13,10.44727256
2016/7/14,11.53636973
2016/7/15,11.99350557
2016/7/16,11.71866588
2016/7/17,11.2566893
2016/7/18,11.08267701
2016/7/19,11.67562511
2016/7/20,12.50351007
2016/7/21,12.74559164
2016/7/22,14.82488289
2016/7/23,14.4444566
2016/7/24,12.72063053
2016/7/25,13.84029495
2016/7/26,11.96328494
2016/7/27,13.06156389
2016/7/28,12.88820316
2016/7/29,12.87801282
2016/7/30,12.51876066
2016/7/31,11.94611594
2016/8/1,11.00702945
2016/8/2,8.356106622
2016/8/3,10.54202449
2016/8/4,11.26047174
2016/8/5,11.16655372
2016/8/6,10.99011149
2016/8/7,11.02330068
2016/8/8,11.30988489
2016/8/9,12.30707385
2016/8/10,12.09459738
2016/8/11,11.70536061
2016/8/12,11.79803669
2016/8/13,11.57711733
2016/8/14,11.26058884
2016/8/15,11.15949328
2016/8/16,11.1599375
2016/8/17,10.80133834
2016/8/18,10.75699655
2016/8/19,10.74631385
2016/8/20,11.29545668
2016/8/21,11.1615503
2016/8/22,11.08714305
2016/8/23,10.9988015
2016/8/24,11.01608796
2016/8/25,11.33890937
2016/8/26,11.27947023
2016/8/27,11.18379176
2016/8/28,11.00711414
2016/8/29,10.9581455
2016/8/30,11.25098615
2016/8/31,11.60652581
2016/9/1,12.11575115
2016/9/2,12.14188575
2016/9/3,11.89446262
2016/9/4,11.75170669
2016/9/5,11.77405707
2016/9/6,11.72588689
2016/9/7,11.58640094
2016/9/8,11.41000412
2016/9/9,11.66033261
2016/9/10,12.15128415
2016/9/11,11.66256646
2016/9/12,11.90292442
2016/9/13,11.93589375
2016/9/14,11.92193268
2016/9/15,11.97704125
2016/9/16,12.60655409
2016/9/17,12.80976952
2016/9/18,12.44342863
2016/9/19,13.0277881
2016/9/20,14.71652465
2016/9/21,13.77039792
2016/9/22,13.19667709
2016/9/23,13.36952722
2016/9/24,12.96137446
2016/9/25,13.08554991
2016/9/26,12.86214592
2016/9/27,13.09809112
2016/9/28,13.31834111
2016/9/29,13.13349603
2016/9/30,13.25969776
2016/10/1,13.23741489
2016/10/2,13.28397136
2016/10/3,13.50053057
2016/10/4,13.32603608
2016/10/5,13.08346682
2016/10/6,12.87298188
2016/10/7,12.69044818
2016/10/8,12.24350364
2016/10/9,12.08578726
2016/10/10,11.77324821
2016/10/11,11.76477825
2016/10/12,11.82660739
2016/10/13,11.95856936
2016/10/14,11.90498188
2016/10/15,11.95711926
2016/10/16,11.96180171
2016/10/17,11.9689211
2016/10/18,12.55007316
2016/10/19,11.99250575
2016/10/20,12.06247161
2016/10/21,12.08190853
2016/10/22,12.04385859
2016/10/23,11.95701446
2016/10/24,11.92644316
2016/10/25,11.3266441
2016/10/26,11.49404798
2016/10/27,11.47589686
2016/10/28,11.12836086
2016/10/29,10.41333964
2016/10/30,11.23650865
2016/10/31,10.97698263
2016/11/1,10.80720256
2016/11/2,10.83408093
2016/11/3,10.86886095
2016/11/4,11.15419808
2016/11/5,11.14252308
2016/11/6,10.99391362
2016/11/7,10.91568669
2016/11/8,10.85880944
2016/11/9,10.65746665
2016/11/10,10.5204115
2016/11/11,10.29005445
2016/11/12,9.888410327
2016/11/13,10.11767674
2016/11/14,10.01722836
2016/11/15,10.24172777
2016/11/16,10.02258258
2016/11/17,9.93872796
2016/11/18,9.518194934
2016/11/19,9.700485868
2016/11/20,9.588912226
2016/11/21,9.537563177
2016/11/22,9.853807032
2016/11/23,9.790150089
2016/11/24,9.221381245
2016/11/25,9.413863073
2016/11/26,9.312056271
2016/11/27,8.914638512
2016/11/28,8.681694449
2016/11/29,8.168336608
2016/11/30,8.607217329
2016/12/1,8.45638716
2016/12/2,7.671242887
2016/12/3,7.893981786
2016/12/4,7.474491722
2016/12/5,6.733519102
2016/12/6,7.777003429
2016/12/7,8.355389338
2016/12/8,8.264269465
2016/12/9,8.492425928
2016/12/10,8.121862807
2016/12/11,8.229698745
2016/12/12,8.52116494
2016/12/13,8.410061046
2016/12/14,8.239893686
2016/12/15,7.812548007
2016/12/16,7.857508199
2016/12/17,7.796804098
2016/12/18,7.907392297
2016/12/19,7.609914836
2016/12/20,7.625589966
2016/12/21,7.889925672
2016/12/22,7.583892075
2016/12/23,7.166979621
2016/12/24,7.242660802
2016/12/25,7.201348194
2016/12/26,7.240331975
2016/12/27,7.153741686
2016/12/28,7.62361589
2016/12/29,8.302594087
2016/12/30,8.218935827
2016/12/31,8.126329622
2017/1/1,8.177851768
2017/1/2,8.378456487
2017/1/3,9.69747177
2017/1/4,11.06863239
2017/1/5,10.22479391
2017/1/6,10.12583202
2017/1/7,9.924744594
2017/1/8,10.43859733
2017/1/9,10.36482857
2017/1/10,10.62836721
2017/1/11,9.972434649
2017/1/12,9.772264103
2017/1/13,9.81302505
2017/1/14,9.77886793
2017/1/15,9.871377501
2017/1/16,9.613635269
2017/1/17,10.24363927
2017/1/18,10.24175764
2017/1/19,10.43457459
2017/1/20,10.65083345
2017/1/21,10.96216382
2017/1/22,10.70409294
2017/1/23,10.79881084
2017/1/24,10.54599321
2017/1/25,10.51334967
2017/1/26,10.62586501
2017/1/27,10.53412348
2017/1/28,10.56387358
2017/1/29,10.49499527
2017/1/30,10.5793408
2017/1/31,10.7060902
2017/2/1,10.72281057
2017/2/2,10.82796256
2017/2/3,10.95710676
2017/2/4,11.39597693
2017/2/5,11.2444301
2017/2/6,11.33666012
2017/2/7,11.48690031
2017/2/8,11.40079323
2017/2/9,10.98989481
2017/2/10,11.37336879
2017/2/11,11.48352598
2017/2/12,11.46373796
2017/2/13,11.38886219
2017/2/14,13.09409656
2017/2/15,13.01426651
2017/2/16,12.88548199
2017/2/17,12.7742326
2017/2/18,12.89827522
2017/2/19,12.86141336
2017/2/20,12.70234358
2017/2/21,12.81274392
2017/2/22,12.7348606
2017/2/23,13.2532427
2017/2/24,13.1775699
2017/2/25,13.64543017
2017/2/26,14.65900731
2017/2/27,15.65684233
2017/2/28,15.65335474
2017/3/1,17.26568435
2017/3/2,19.20456121
2017/3/3,19.65470319
2017/3/4,18.68422489
2017/3/5,19.30111122
2017/3/6,19.73103376
2017/3/7,18.83910784
2017/3/8,16.67782018
2017/3/9,17.79808751
2017/3/10,19.180942
2017/3/11,21.44621625
2017/3/12,23.21961883
2017/3/13,28.54481373
2017/3/14,28.57624555
2017/3/15,34.67317201
2017/3/16,44.77658938
2017/3/17,44.1278453
2017/3/18,32.24166539
2017/3/19,43.34329767
2017/3/20,41.82704329
2017/3/21,42.39891905
2017/3/22,41.19906312
2017/3/23,43.14097575
2017/3/24,52.98808171
2017/3/25,50.15731116
2017/3/26,50.38064277
2017/3/27,48.84076556
2017/3/28,50.21658262
2017/3/29,52.95493531
2017/3/30,51.83798558
2017/3/31,50.03191672
2017/4/1,50.68561014
2017/4/2,48.79426222
2017/4/3,44.12420267
2017/4/4,44.23347056
2017/4/5,45.3459529
2017/4/6,43.23082264
2017/4/7,42.4313813
2017/4/8,44.62471991
2017/4/9,43.92107333
2017/4/10,43.98673918
2017/4/11,43.90880746
2017/4/12,46.35684535
2017/4/13,49.91329526
2017/4/14,47.10977398
2017/4/15,49.12345061
2017/4/16,48.17713195
2017/4/17,47.84908431
2017/4/18,49.89124251
2017/4/19,48.06689747
2017/4/20,49.34414597
2017/4/21,48.54415026
2017/4/22,48.61265654
2017/4/23,48.87079304
2017/4/24,50.10525821
2017/4/25,50.29492343
2017/4/26,53.5068268
2017/4/27,63.38397374
2017/4/28,73.28969608
2017/4/29,70.47834514
2017/4/30,80.50402759
2017/5/1,78.36565993
2017/5/2,77.65780771
2017/5/3,81.15505075
2017/5/4,95.446198
2017/5/5,91.26194771
2017/5/6,95.52021344
2017/5/7,76.63553116
2017/5/8,89.39672222
2017/5/9,86.21678802
2017/5/10,88.04937333
2017/5/11,88.23983707
2017/5/12,85.48507316
2017/5/13,88.28327491
2017/5/14,89.48000167
2017/5/15,90.85140182
2017/5/16,88.25827288
2017/5/17,86.83205635
2017/5/18,95.83543393
2017/5/19,124.6081964
2017/5/20,124.6207778
2017/5/21,147.7317627
2017/5/22,153.6348578
2017/5/23,169.0764121
2017/5/24,191.8746689
2017/5/25,180.691296
2017/5/26,164.6031456
2017/5/27,155.7260495
2017/5/28,173.2167345
2017/5/29,193.8811404
2017/5/30,228.0737066
2017/5/31,229.1026516
2017/6/1,220.9862857
2017/6/2,221.4670742
2017/6/3,224.3073896
2017/6/4,245.4687001
2017/6/5,248.0564267
2017/6/6,264.4042356
2017/6/7,256.9818762
2017/6/8,258.3728081
2017/6/9,278.4289872
2017/6/10,344.9519871
2017/6/11,344.02691
2017/6/12,389.1937215
2017/6/13,387.2515394
2017/6/14,341.4466369
2017/6/15,342.1193378
2017/6/16,352.6297323
2017/6/17,368.0372691
2017/6/18,350.5344631
2017/6/19,357.6813616
2017/6/20,349.2889135
2017/6/21,320.277859
2017/6/22,320.1459632
2017/6/23,325.9915363
2017/6/24,304.7689278
2017/6/25,276.2423451
2017/6/26,255.0334143
2017/6/27,281.0819213
2017/6/28,317.7762584
2017/6/29,293.9992904
2017/6/30,276.8468785
2017/7/1,261.219362
2017/7/2,286.5332567
2017/7/3,276.3817277
2017/7/4,269.4048347
2017/7/5,266.2622816
2017/7/6,266.6560131
2017/7/7,240.1614219
2017/7/8,244.1960693
2017/7/9,237.9607548
2017/7/10,203.6676054
2017/7/11,192.8919727
2017/7/12,220.3751148
2017/7/13,205.8616911
2017/7/14,197.2468349
2017/7/15,170.5746199
2017/7/16,155.1209585
2017/7/17,189.2216587
2017/7/18,228.7876589
2017/7/19,191.6517059
2017/7/20,224.1071442
2017/7/21,216.2140634
2017/7/22,231.9837748
2017/7/23,228.563603
2017/7/24,225.7141631
2017/7/25,204.2672465
2017/7/26,202.4566677
2017/7/27,202.8899844
2017/7/28,191.488124
2017/7/29,205.9949079
2017/7/30,196.7719152
2017/7/31,200.7608196
2017/8/1,225.7355347
2017/8/2,217.5846641
2017/8/3,224.0288983
2017/8/4,221.4710942
2017/8/5,248.9396661
2017/8/6,266.0311459
2017/8/7,269.6460538
2017/8/8,294.5220355
2017/8/9,296.828835
2017/8/10,301.4374112
2017/8/11,309.8649025
2017/8/12,309.2541212
2017/8/13,297.0431103
2017/8/14,299.8996556
2017/8/15,286.2384911
2017/8/16,300.5814956
2017/8/17,301.5257788
2017/8/18,292.5709303
2017/8/19,294.0063816
2017/8/20,297.9467304
2017/8/21,320.2680209
2017/8/22,314.6671404
2017/8/23,317.9114761
2017/8/24,324.4046785
2017/8/25,330.2298259
2017/8/26,332.4326204
2017/8/27,345.1593945
2017/8/28,347.3121489
2017/8/29,373.2704737
2017/8/30,385.0963627
2017/8/31,388.6289831
2017/9/1,391.600977
2017/9/2,349.1008172
2017/9/3,352.8739889
2017/9/4,313.2596096
2017/9/5,321.6737997
2017/9/6,338.4246511
2017/9/7,336.4140991
2017/9/8,310.0152124
2017/9/9,305.2334737
2017/9/10,301.3287054
2017/9/11,298.0095219
2017/9/12,293.9278711
2017/9/13,276.9573846
2017/9/14,225.3369079
2017/9/15,258.9002478
2017/9/16,255.1844956
2017/9/17,259.5952849
2017/9/18,296.5900298
2017/9/19,284.6862405
2017/9/20,284.78395
2017/9/21,258.7168553
2017/9/22,263.5925193
2017/9/23,285.0988027
2017/9/24,284.7107066
2017/9/25,294.6061791
2017/9/26,288.8733235
2017/9/27,310.3868907
2017/9/28,302.4739997
2017/9/29,291.4838349
2017/9/30,301.6535748
2017/10/1,302.9212154
2017/10/2,296.3831312
2017/10/3,291.627102
2017/10/4,292.1531312
2017/10/5,295.1042659
2017/10/6,307.3656338
2017/10/7,311.5395278
2017/10/8,308.8112078
2017/10/9,296.1699223
2017/10/10,297.8057554
2017/10/11,302.0372256
2017/10/12,302.722358
2017/10/13,336.1189354
2017/10/14,339.2399059
2017/10/15,335.2929068
2017/10/16,334.3870351
2017/10/17,315.6739103
2017/10/18,313.2929196
2017/10/19,308.3611894
2017/10/20,304.104844
2017/10/21,299.9644892
2017/10/22,294.8624833
2017/10/23,285.2722744
2017/10/24,297.2013451
2017/10/25,297.9639746
2017/10/26,296.1367262
2017/10/27,297.0759798
2017/10/28,295.0605243
2017/10/29,304.3368568
2017/10/30,306.1568469
2017/10/31,304.7587902
2017/11/1,290.5201312
2017/11/2,284.5071274
2017/11/3,305.859424
2017/11/4,300.03686
2017/11/5,296.3086274
2017/11/6,297.9873095
2017/11/7,292.0590684
2017/11/8,309.8271657
2017/11/9,319.4455769
2017/11/10,299.6642344
2017/11/11,316.1478261
2017/11/12,307.1768182
2017/11/13,315.5370403
2017/11/14,334.214479
2017/11/15,330.7840938
2017/11/16,329.6620605
2017/11/17,332.2765888
2017/11/18,347.4298364
2017/11/19,355.9324454
2017/11/20,369.5595336
2017/11/21,361.1971265
2017/11/22,380.8191072
2017/11/23,414.9802212
2017/11/24,473.4505655
2017/11/25,466.8029047
2017/11/26,472.2779755
2017/11/27,477.6482466
2017/11/28,467.9242697
2017/11/29,429.0466905
2017/11/30,438.5586002
2017/12/1,461.5862323
2017/12/2,459.8570959
2017/12/3,464.3860728
2017/12/4,466.9004284
2017/12/5,458.0766654
2017/12/6,434.2336987
2017/12/7,431.7498171
2017/12/8,462.9339857
2017/12/9,483.0601788
2017/12/10,444.877737
2017/12/11,506.3383933
2017/12/12,683.9059562
2017/12/13,701.598019
2017/12/14,698.0891975
2017/12/15,689.4642902
2017/12/16,697.8278565
2017/12/17,729.3312247
2017/12/18,787.7285041
2017/12/19,823.8472256
2017/12/20,797.2872507
2017/12/21,793.748969
2017/12/22,682.3345459
2017/12/23,725.15086
2017/12/24,688.8907937
2017/12/25,737.8946333
2017/12/26,750.0030652
2017/12/27,740.7217335
2017/12/28,716.3525123
2017/12/29,747.1003413
2017/12/30,713.7828326
2017/12/31,742.2554649
2018/1/1,756.0717656
2018/1/2,863.9183077
2018/1/3,943.6481262
2018/1/4,952.3545435
2018/1/5,958.5528463
2018/1/6,1006.157475
2018/1/7,1102.889537
2018/1/8,1134.69906
2018/1/9,1288.406875
2018/1/10,1231.767295
2018/1/11,1128.563876
2018/1/12,1257.231134
2018/1/13,1380.144541
2018/1/14,1361.915076
2018/1/15,1281.721398
2018/1/16,1061.187089
2018/1/17,1012.622891
2018/1/18,1018.766875
2018/1/19,1029.934385
2018/1/20,1151.945532
2018/1/21,1039.423233
2018/1/22,992.0374357
2018/1/23,985.2127683
2018/1/24,1047.1202
2018/1/25,1043.621772
2018/1/26,1040.468171
2018/1/27,1092.768236
2018/1/28,1214.831299
2018/1/29,1162.0083
2018/1/30,1051.933488
2018/1/31,1096.250057
2018/2/1,1019.171008
2018/2/2,912.8209287
2018/2/3,960.8938261
2018/2/4,836.6724573
2018/2/5,692.7628273
2018/2/6,789.0430207
2018/2/7,754.5365748
2018/2/8,808.4506335
2018/2/9,873.5673743
2018/2/10,850.7148495
2018/2/11,814.7832709
2018/2/12,867.5724404
2018/2/13,840.0907838
2018/2/14,920.4636815
2018/2/15,929.8692157
2018/2/16,939.3394573
2018/2/17,975.2318063
2018/2/18,915.3109056
2018/2/19,937.8401832
2018/2/20,885.5531411
2018/2/21,840.667043
2018/2/22,807.0768989
2018/2/23,855.767194
2018/2/24,834.0028463
2018/2/25,842.31172
2018/2/26,865.8630392
2018/2/27,875.0529819
2018/2/28,851.3236464
2018/3/1,869.3022668
2018/3/2,855.3528577
2018/3/3,854.3875695
2018/3/4,861.1307224
2018/3/5,851.6087531
2018/3/6,812.3461929
2018/3/7,751.754232
2018/3/8,699.337429
2018/3/9,725.3109068
2018/3/10,684.8805821
2018/3/11,718.0546897
2018/3/12,696.7392312
2018/3/13,689.9021026
2018/3/14,612.3326315
2018/3/15,611.1662759
2018/3/16,604.4843019
2018/3/17,550.8650041
2018/3/18,538.2613282
2018/3/19,550.1382127
2018/3/20,555.6366672
2018/3/21,557.397839
2018/3/22,539.1140453
2018/3/23,537.5928597
2018/3/24,525.082403
2018/3/25,522.2228019
2018/3/26,489.8176005
2018/3/27,450.5495944
2018/3/28,445.4580836
2018/3/29,385.3564702
2018/3/30,392.4671277
2018/3/31,394.5123781
2018/4/1,378.0660903
2018/4/2,383.3976937
2018/4/3,415.2149299
2018/4/4,378.5298773
2018/4/5,382.7007943
2018/4/6,369.9367528
2018/4/7,384.5072496
2018/4/8,399.4155508
2018/4/9,396.1653971
2018/4/10,413.4526993
2018/4/11,429.7974267
2018/4/12,493.5652066
2018/4/13,496.3177443
2018/4/14,503.221351
2018/4/15,531.26395
2018/4/16,510.9837583
2018/4/17,502.1266414
2018/4/18,524.9945938
2018/4/19,566.5825263
2018/4/20,616.3173407
2018/4/21,605.3963311
2018/4/22,621.1391014
2018/4/23,642.5817294
2018/4/24,705.0070205
2018/4/25,614.5464717
2018/4/26,661.7967618
2018/4/27,648.9100009
2018/4/28,682.5355506
2018/4/29,688.3061102
2018/4/30,667.0634077
2018/5/1,671.5316823
2018/5/2,686.6118434
2018/5/3,778.3775441
2018/5/4,783.3912136
2018/5/5,811.3563922
2018/5/6,784.8751797
2018/5/7,747.8353121
2018/5/8,751.6712314
2018/5/9,748.3347896
2018/5/10,725.9431689
2018/5/11,679.5324857
2018/5/12,685.7776403
2018/5/13,731.4267344
2018/5/14,726.4218089
2018/5/15,706.4711707
2018/5/16,705.390607
2018/5/17,668.044737
2018/5/18,693.6516838
2018/5/19,693.8095807
2018/5/20,713.5916914
2018/5/21,697.845526
2018/5/22,643.6678767
2018/5/23,578.2299886
2018/5/24,600.6105728
2018/5/25,578.5942729
2018/5/26,584.2874115
2018/5/27,570.3888428
2018/5/28,513.5970751
2018/5/29,563.903261
2018/5/30,556.7623846
2018/5/31,575.4698647
2018/6/1,578.827564
2018/6/2,591.8119591
2018/6/3,618.2328428
2018/6/4,589.8826707
2018/6/5,607.1803103
2018/6/6,605.4294448
2018/6/7,602.159334
2018/6/8,600.1281806
2018/6/9,595.9536233
2018/6/10,521.2769173
2018/6/11,529.3715289
2018/6/12,489.8360853
2018/6/13,474.4509752
2018/6/14,517.7222291
2018/6/15,486.4992463
2018/6/16,497.3220047
2018/6/17,495.8307411
2018/6/18,516.850604
2018/6/19,537.0747794
2018/6/20,535.2689378
2018/6/21,525.6111783
2018/6/22,462.9670827
2018/6/23,475.2452405
2018/6/24,454.3887683
2018/6/25,459.1942902
2018/6/26,432.4930815
2018/6/27,441.6751669
2018/6/28,419.7914541
2018/6/29,436.7364211
2018/6/30,451.7234167
2018/7/1,451.7984416
2018/7/2,475.9894486
2018/7/3,461.7516902
2018/7/4,465.7291502
2018/7/5,467.0586663
2018/7/6,468.5129646
2018/7/7,480.5334749
2018/7/8,486.1320538
2018/7/9,471.7215625
2018/7/10,433.1284392
2018/7/11,446.3470754
2018/7/12,423.881742
2018/7/13,431.3536826
2018/7/14,433.9191859
2018/7/15,448.7280678
2018/7/16,477.3652858
2018/7/17,499.4387598
2018/7/18,479.0016411
2018/7/19,468.4054468
2018/7/20,447.5579719
2018/7/21,461.9867995
2018/7/22,457.1352779
2018/7/23,448.9556733
2018/7/24,478.0369877
2018/7/25,472.6965085
2018/7/26,463.4333387
2018/7/27,469.3117928
2018/7/28,467.3217884
2018/7/29,466.9187636
2018/7/30,455.8956736
2018/7/31,431.7985237
2018/8/1,419.0199267
2018/8/2,410.9742084
2018/8/3,417.2534956
2018/8/4,406.4192195
2018/8/5,408.9499229
2018/8/6,405.3780874
2018/8/7,378.5596321
2018/8/8,354.3691943
2018/8/9,365.0011458
2018/8/10,330.6420038
2018/8/11,322.9020827
2018/8/12,317.9546406
2018/8/13,284.3916178
2018/8/14,276.2421417
2018/8/15,281.1496385
2018/8/16,285.766308
2018/8/17,314.9507148
2018/8/18,295.4338966
2018/8/19,300.0650172
2018/8/20,271.6171058
2018/8/21,280.9408238
2018/8/22,270.0811128
2018/8/23,275.2081277
2018/8/24,281.6849255
2018/8/25,278.4239132
2018/8/26,273.2899489
2018/8/27,284.2037548
2018/8/28,296.6259889
2018/8/29,288.5998548
2018/8/30,283.8843033
2018/8/31,282.2157653
2018/9/1,294.9402721
2018/9/2,293.7880126
2018/9/3,288.6421382
2018/9/4,285.3060096
2018/9/5,234.2016791
2018/9/6,229.0947613
2018/9/7,215.2796409
2018/9/8,196.648756
2018/9/9,195.5888317
2018/9/10,196.1221119
2018/9/11,184.3037098
2018/9/12,182.6687484
2018/9/13,212.6019655
2018/9/14,211.6978042
2018/9/15,222.8130105
2018/9/16,220.0224904
2018/9/17,196.8116669
2018/9/18,209.519993
2018/9/19,209.0851306
2018/9/20,223.6520885
2018/9/21,246.7333489
2018/9/22,240.1762645
2018/9/23,244.6507005
2018/9/24,227.8000915
2018/9/25,217.6229401
2018/9/26,215.0312618
2018/9/27,228.4367352
2018/9/28,221.042024
2018/9/29,231.3260546
2018/9/30,232.2158805
2018/10/1,229.9181473
2018/10/2,225.340538
2018/10/3,218.985656
2018/10/4,220.9349065
2018/10/5,226.5332475
2018/10/6,223.670021
2018/10/7,224.381154
2018/10/8,227.6293615
2018/10/9,226.3662575
2018/10/10,223.637415
2018/10/11,190.5031733
2018/10/12,194.2336841
2018/10/13,196.6409004
2018/10/14,192.0825617
2018/10/15,204.8455953
2018/10/16,205.6789655
2018/10/17,203.5891844
2018/10/18,199.1041677
2018/10/19,200.1854223
2018/10/20,202.6205903
2018/10/21,202.1977925
2018/10/22,200.9869679
2018/10/23,201.1062086
2018/10/24,200.5486081
2018/10/25,199.8627446
2018/10/26,200.6226616
2018/10/27,201.4184185
2018/10/28,202.4511032
2018/10/29,194.3213513
2018/10/30,195.658953
2018/10/31,196.8979319
2018/11/1,197.8192107
2018/11/2,199.8503726
2018/11/3,198.3546774
2018/11/4,209.9895728
2018/11/5,208.0755815
2018/11/6,218.0897557
2018/11/7,216.7830564
2018/11/8,210.6431034
2018/11/9,208.1028559
2018/11/10,210.5648653
2018/11/11,209.0642537
2018/11/12,208.2894123
2018/11/13,203.6197972
2018/11/14,176.6737086
2018/11/15,177.5858998
2018/11/16,172.027223
2018/11/17,172.3258343
2018/11/18,174.8875175
2018/11/19,146.8373746
2018/11/20,126.699694
2018/11/21,134.8948387
2018/11/22,124.9831067
2018/11/23,121.4645269
2018/11/24,111.2079193
2018/11/25,114.3281242
2018/11/26,105.9761932
2018/11/27,108.939133
2018/11/28,120.8430357
2018/11/29,116.4500678
2018/11/30,111.6314486
2018/12/1,116.9740228
2018/12/2,114.8738489
2018/12/3,107.4360938
2018/12/4,108.3930742
2018/12/5,101.1326888
2018/12/6,90.81281444
2018/12/7,92.12891613
2018/12/8,90.59914202
2018/12/9,92.99399591
2018/12/10,89.33858884
2018/12/11,87.14203711
2018/12/12,88.85423115
2018/12/13,85.03007481
2018/12/14,83.08653536
2018/12/15,82.83019024
2018/12/16,83.78539188
2018/12/17,93.84370105
2018/12/18,100.2777051
2018/12/19,99.94950497
2018/12/20,114.0839749
2018/12/21,107.8118621
2018/12/22,115.2303159
2018/12/23,129.6937954
2018/12/24,140.3724494
2018/12/25,127.9198144
2018/12/26,130.3094512
2018/12/27,114.1173966
2018/12/28,135.2220918
2018/12/29,140.0987984
2018/12/30,138.4017162
2018/12/31,130.7904605
2019/1/1,139.1546444
2019/1/2,154.4263688
2019/1/3,147.0620868
2019/1/4,153.442377
2019/1/5,154.3017569
2019/1/6,155.9402832
2019/1/7,150.3461318
2019/1/8,149.0527627
2019/1/9,149.6298562
2019/1/10,126.9298039
2019/1/11,124.9705742
2019/1/12,124.3293106
2019/1/13,115.3398954
2019/1/14,128.3235839
2019/1/15,120.3298761
2019/1/16,122.4209138
2019/1/17,122.6477516
2019/1/18,119.4851914
2019/1/19,123.4879912
2019/1/20,117.5152317
2019/1/21,115.9188431
2019/1/22,117.9757198
2019/1/23,116.3134366
2019/1/24,116.326358
2019/1/25,114.9673665
2019/1/26,115.04004
2019/1/27,111.8220769
2019/1/28,105.6671558
2019/1/29,104.2278758
2019/1/30,107.669886
2019/1/31,105.7392361
2019/2/1,106.6349477
2019/2/2,108.5711318
2019/2/3,106.0217227
2019/2/4,106.0266756
2019/2/5,106.1355865
2019/2/6,103.3947122
2019/2/7,103.2990538
2019/2/8,117.5014851
2019/2/9,118.1039635
2019/2/10,123.5778682
2019/2/11,119.7266154
2019/2/12,120.8287019
2019/2/13,120.6902259
2019/2/14,119.6809132
2019/2/15,120.3600254
2019/2/16,121.8048811
2019/2/17,132.8064901
2019/2/18,144.415396
2019/2/19,143.1372957
2019/2/20,147.1921435
2019/2/21,143.6012835
2019/2/22,147.0633042
2019/2/23,157.5305
2019/2/24,135.3831289
2019/2/25,137.9248749
2019/2/26,135.7259161
2019/2/27,133.9967589
2019/2/28,134.7547241
2019/3/1,134.8645646
2019/3/2,132.1972975
2019/3/3,129.6457838
2019/3/4,125.1204395
2019/3/5,135.707659
2019/3/6,137.1823039
2019/3/7,136.1424407
2019/3/8,132.4414211
2019/3/9,136.2969608
2019/3/10,135.2256631
2019/3/11,132.0801075
2019/3/12,132.6961651
2019/3/13,131.1337124
2019/3/14,131.3092826
2019/3/15,135.6029427
2019/3/16,140.6288776
2019/3/17,138.1430523
2019/3/18,137.0632162
2019/3/19,137.9280771
2019/3/20,138.6858925
2019/3/21,134.5865742
2019/3/22,135.8933679
2019/3/23,136.4750406
2019/3/24,135.4194404
2019/3/25,133.0931578
2019/3/26,133.1643399
2019/3/27,139.2153074
2019/3/28,137.3366119
2019/3/29,142.3689775
2019/3/30,142.1077452
2019/3/31,141.2767852
2019/4/1,141.2956888
2019/4/2,165.4668805
2019/4/3,160.2395728
2019/4/4,157.8657369
2019/4/5,165.9389854
2019/4/6,165.4087949
2019/4/7,174.4636596
2019/4/8,180.7795012
2019/4/9,175.9578866
2019/4/10,177.474879
2019/4/11,165.5503612
2019/4/12,164.8918174
2019/4/13,164.1286593
2019/4/14,168.0130991
2019/4/15,160.5574731
2019/4/16,166.6623402
2019/4/17,166.3641397
2019/4/18,173.5459521
2019/4/19,173.6527835
2019/4/20,173.2153694
2019/4/21,169.9456011
2019/4/22,171.5654147
2019/4/23,170.9374096
2019/4/24,165.1421142
2019/4/25,152.0454944
2019/4/26,152.9609275
2019/4/27,155.7267335
2019/4/28,153.2518472
2019/4/29,152.5452088
2019/4/30,159.9385015
2019/5/1,158.2228597
2019/5/2,159.1916195
2019/5/3,164.6954521
2019/5/4,162.0372658
2019/5/5,161.4855964
2019/5/6,172.068616
2019/5/7,170.0501148
2019/5/8,169.5587642
2019/5/9,170.2503147
2019/5/10,172.221822
2019/5/11,199.6065146
2019/5/12,187.1841037
2019/5/13,195.8252031
2019/5/14,218.2148057
2019/5/15,249.061431
2019/5/16,263.3804702
2019/5/17,242.2637937
2019/5/18,234.8412797
2019/5/19,261.9740453
2019/5/20,252.4174196
2019/5/21,256.8181622
2019/5/22,244.5505143
2019/5/23,245.8403849
2019/5/24,248.839252
2019/5/25,251.888461
2019/5/26,268.2943396
2019/5/27,272.6163311
2019/5/28,271.2234985
2019/5/29,269.3278109
2019/5/30,254.2942018
2019/5/31,266.5739226
2019/6/1,265.1401444
2019/6/2,269.9670415
2019/6/3,251.0577586
2019/6/4,239.4570409
2019/6/5,246.3376002
2019/6/6,247.4887542
2019/6/7,250.2259096
2019/6/8,244.6264702
2019/6/9,231.039578
2019/6/10,246.7463252
2019/6/11,245.8009109
2019/6/12,259.6566401
2019/6/13,255.3363004
2019/6/14,264.7634231
2019/6/15,269.0571874
2019/6/16,269.8485187
2019/6/17,273.714095
2019/6/18,263.7022519
2019/6/19,268.9368381
2019/6/20,272.1375003
2019/6/21,294.8528928
2019/6/22,308.0097697
2019/6/23,306.5535074
2019/6/24,309.7987503
2019/6/25,316.17192
2019/6/26,334.0350535
2019/6/27,293.2150362
2019/6/28,309.4461829
2019/6/29,318.5297881
2019/6/30,291.6606963
2019/7/1,293.8623928
2019/7/2,290.5718343
2019/7/3,302.0572104
2019/7/4,283.4892028
2019/7/5,287.858583
2019/7/6,287.27413
2019/7/7,306.1985906
2019/7/8,313.3262905
2019/7/9,308.3430541
2019/7/10,288.7311578
2019/7/11,267.5366046
2019/7/12,275.8726002
2019/7/13,268.6886293
2019/7/14,230.3359763
2019/7/15,230.578358
2019/7/16,199.001611
2019/7/17,210.9313147
2019/7/18,227.2417943
2019/7/19,221.0313933
2019/7/20,230.6720537
2019/7/21,225.6720671
2019/7/22,217.0136254
2019/7/23,212.3614568
2019/7/24,216.8484425
2019/7/25,219.6386683
2019/7/26,219.3653559
2019/7/27,206.645765
2019/7/28,210.9275406
2019/7/29,210.840749
2019/7/30,210.0295608
2019/7/31,218.0882405
2019/8/1,217.3531949
2019/8/2,217.667192
2019/8/3,221.8353165
2019/8/4,222.7885219
2019/8/5,232.2999088
2019/8/6,225.7292683
2019/8/7,226.0429168
2019/8/8,220.5500413
2019/8/9,209.8178279
2019/8/10,206.3243793
2019/8/11,215.7897347
2019/8/12,210.9724977
2019/8/13,208.5976283
2019/8/14,186.3818141
2019/8/15,188.0166365
2019/8/16,185.5779369
2019/8/17,185.5476665
2019/8/18,194.7061621
2019/8/19,202.7670351
2019/8/20,196.717822
2019/8/21,186.4972846
2019/8/22,191.5960932
2019/8/23,194.6243048
2019/8/24,191.1143513
2019/8/25,186.3244889
2019/8/26,188.5698054
2019/8/27,186.8832931
2019/8/28,173.1757975
2019/8/29,168.7358823
2019/8/30,168.372436
2019/8/31,172.1776099
2019/9/1,171.2114805
2019/9/2,178.5801946
2019/9/3,179.2336739
2019/9/4,174.7297753
2019/9/5,174.5415397
2019/9/6,169.2307034
2019/9/7,178.2874944
2019/9/8,181.6046403
2019/9/9,181.3882417
2019/9/10,179.5958057
2019/9/11,178.0588556
2019/9/12,180.8465082
2019/9/13,181.5132595
2019/9/14,188.5959505
2019/9/15,189.4436084
2019/9/16,197.4305357
2019/9/17,209.2875827
2019/9/18,210.7212236
2019/9/19,221.5622011
2019/9/20,217.1955701
2019/9/21,215.5000298
2019/9/22,211.0518019
2019/9/23,201.226725
2019/9/24,168.4383282
2019/9/25,169.8466248
2019/9/26,166.3346179
2019/9/27,174.0836541
2019/9/28,173.7988804
2019/9/29,169.8533349
2019/9/30,179.5087279
2019/10/1,176.6351596
2019/10/2,180.7314246
2019/10/3,175.4671133
2019/10/4,176.2040693
2019/10/5,176.1848133
2019/10/6,169.8549542
2019/10/7,181.0015704
2019/10/8,180.6686698
2019/10/9,194.2291315
2019/10/10,191.5740997
2019/10/11,180.9021725
2019/10/12,180.319805
2019/10/13,181.4745976
2019/10/14,186.5206151
2019/10/15,180.2829499
2019/10/16,174.9956763
2019/10/17,177.0702299
2019/10/18,173.1305787
2019/10/19,171.6131327
2019/10/20,175.1878466
2019/10/21,174.1983669
2019/10/22,171.2616821
2019/10/23,161.3235584
2019/10/24,161.0244646
2019/10/25,181.1619445
2019/10/26,179.7206023
2019/10/27,184.5724846
2019/10/28,182.8142206
2019/10/29,190.8304954
2019/10/30,183.2770038
2019/10/31,182.4305672
2019/11/1,183.3622677
2019/11/2,182.9987688
2019/11/3,181.9070137
2019/11/4,186.0344328
2019/11/5,189.2172514
2019/11/6,191.5566607
2019/11/7,186.7706224
2019/11/8,184.0382231
2019/11/9,184.9625798
2019/11/10,189.0451047
2019/11/11,184.4188453
2019/11/12,186.5779264
2019/11/13,188.0333561
2019/11/14,184.7664638
2019/11/15,179.9897891
2019/11/16,182.2871172
2019/11/17,183.829806
2019/11/18,178.062372
2019/11/19,175.4351999
2019/11/20,174.4097203
2019/11/21,160.7282969
2019/11/22,149.7761625
2019/11/23,152.3270563
2019/11/24,141.5766195
2019/11/25,146.5622418
2019/11/26,147.9428786
2019/11/27,153.2483223
2019/11/28,151.0103925
2019/11/29,154.256289
2019/11/30,152.0162101
2019/12/1,151.3802234
2019/12/2,149.0527157
2019/12/3,147.4653691
2019/12/4,145.6972447
2019/12/5,148.0223999
2019/12/6,148.7001867
2019/12/7,147.5151993
2019/12/8,150.8384208
2019/12/9,147.3754951
2019/12/10,145.6963601
2019/12/11,143.1304047
2019/12/12,144.7342037
2019/12/13,144.5997151
2019/12/14,141.8424428
2019/12/15,142.3045441
2019/12/16,132.3799811
2019/12/17,121.5059164
2019/12/18,132.883688
2019/12/19,127.8449477
2019/12/20,128.2175628
2019/12/21,127.0971411
2019/12/22,132.0604687
2019/12/23,127.8143106
2019/12/24,127.6564459
2019/12/25,124.8810231
2019/12/26,125.3084299
2019/12/27,126.1816295
2019/12/28,128.0376017
2019/12/29,134.6392437
2019/12/30,131.2874667
2019/12/31,128.5110798
2020/1/1,129.9638753
2020/1/2,126.730877
2020/1/3,133.8007671
2020/1/4,134.0503492
2020/1/5,134.9821771
2020/1/6,143.9888241
2020/1/7,143.2489557
2020/1/8,140.872484
2020/1/9,137.4736641
2020/1/10,143.7894009
2020/1/11,142.8460743
2020/1/12,145.447126
2020/1/13,143.9102222
2020/1/14,166.0479769
2020/1/15,165.8537794
2020/1/16,164.0529333
2020/1/17,171.0344023
2020/1/18,175.0749784
2020/1/19,166.7918224
2020/1/20,166.927411
2020/1/21,169.1716687
2020/1/22,167.5452263
2020/1/23,162.1565256
2020/1/24,162.2475907
2020/1/25,160.5214552
2020/1/26,167.159113
2020/1/27,169.9343137
2020/1/28,175.2761885
2020/1/29,174.6767767
2020/1/30,184.256749
2020/1/31,180.1636704
2020/2/1,183.5625077
2020/2/2,188.3981085
2020/2/3,189.3416441
2020/2/4,188.276666
2020/2/5,205.1250879
2020/2/6,212.8496427
2020/2/7,222.8630797
2020/2/8,223.9733796
2020/2/9,228.4670531
2020/2/10,224.1398316
2020/2/11,237.6495393
2020/2/12,266.6494553
2020/2/13,267.9400019
2020/2/14,284.8306491
2020/2/15,265.0338465
2020/2/16,261.1286905
2020/2/17,266.6082334
2020/2/18,283.5649883
2020/2/19,261.077341
2020/2/20,258.631871
2020/2/21,265.9094041
2020/2/22,261.7633758
2020/2/23,274.9796476
2020/2/24,264.3671675
2020/2/25,248.5371322
2020/2/26,225.7065572
2020/2/27,226.398922
2020/2/28,228.6739185
2020/2/29,220.1022942
2020/3/1,218.6236686
2020/3/2,231.1949316
2020/3/3,224.28357
2020/3/4,224.1560268
2020/3/5,227.8136058
2020/3/6,244.330236
2020/3/7,238.0598526
2020/3/8,202.765955
2020/3/9,200.1511011
2020/3/10,200.8510905
2020/3/11,194.2360094
2020/3/12,110.3282016
2020/3/13,134.7599857
2020/3/14,122.0781513
2020/3/15,123.7547341
2020/3/16,110.3490587
2020/3/17,117.7834638
2020/3/18,117.6833437
2020/3/19,137.357503
2020/3/20,131.5323233
2020/3/21,132.5116334
2020/3/22,122.4420555
2020/3/23,135.5897706
2020/3/24,139.4147922
2020/3/25,136.095512
2020/3/26,138.6082155
2020/3/27,133.6816147
2020/3/28,131.0277665
2020/3/29,125.1787455
2020/3/30,132.9023205
2020/3/31,133.5081334
2020/4/1,135.8548065
2020/4/2,141.1517466
2020/4/3,141.7272113
2020/4/4,144.3362827
2020/4/5,142.972633
2020/4/6,169.6097243
2020/4/7,164.2172595
2020/4/8,173.2947843
2020/4/9,170.2836049
2020/4/10,157.5505982
2020/4/11,158.4316493
2020/4/12,160.6493033
2020/4/13,157.1986286
2020/4/14,159.0061584
2020/4/15,152.9511407
2020/4/16,172.9704403
2020/4/17,172.2322206
2020/4/18,188.1094149
2020/4/19,181.2308144
2020/4/20,171.0137633
2020/4/21,171.4892329
2020/4/22,182.5818042
2020/4/23,185.6463264
2020/4/24,187.6218413
2020/4/25,193.7852019
2020/4/26,197.0624403
2020/4/27,196.5657087
2020/4/28,197.4664126
2020/4/29,215.3839521
2020/4/30,206.8848653
2020/5/1,212.7136178
2020/5/2,214.1338706
2020/5/3,210.0905753
2020/5/4,206.9619266
2020/5/5,204.885417
2020/5/6,202.7360756
2020/5/7,212.9909728
2020/5/8,212.4131289
2020/5/9,210.7748711
2020/5/10,187.5424868
2020/5/11,185.7153723
2020/5/12,189.8184594
2020/5/13,199.9380226
2020/5/14,203.532877
2020/5/15,195.1219803
2020/5/16,200.8197662
2020/5/17,207.0725769
2020/5/18,214.7481625
2020/5/19,213.8204667
2020/5/20,209.8047931
2020/5/21,198.917557
2020/5/22,207.0636777
2020/5/23,206.9061973
2020/5/24,202.3763064
2020/5/25,204.292245
2020/5/26,200.8604892
2020/5/27,207.4980038
2020/5/28,219.378571
2020/5/29,220.7848263
2020/5/30,243.5724013
2020/5/31,231.4440475
2020/6/1,249.074953
2020/6/2,237.1796326
2020/6/3,243.9341395
2020/6/4,243.647766
2020/6/5,240.312976
2020/6/6,242.0197003
2020/6/7,244.3846435
2020/6/8,245.9683036
2020/6/9,244.326141
2020/6/10,247.7048795
2020/6/11,230.9044009
2020/6/12,237.1624427
2020/6/13,238.0904079
2020/6/14,232.1372771
2020/6/15,231.1978397
2020/6/16,235.1366212
2020/6/17,233.687851
2020/6/18,231.3310989
2020/6/19,228.778224
2020/6/20,228.9198308
2020/6/21,227.5790336
2020/6/22,243.2207582
2020/6/23,242.921219
2020/6/24,234.8237534
2020/6/25,232.4214207
2020/6/26,229.6941674
2020/6/27,220.699442
2020/6/28,224.4434607
2020/6/29,228.0203414
2020/6/30,225.7227548
2020/7/1,231.1459185
2020/7/2,226.7015054
2020/7/3,225.0988548
2020/7/4,228.8662721
2020/7/5,227.6672683
2020/7/6,241.1790812
2020/7/7,239.0134296
2020/7/8,246.8441157
2020/7/9,241.6518186
2020/7/10,241.0337001
2020/7/11,239.3070406
2020/7/12,241.3095912
2020/7/13,239.3263738
2020/7/14,240.6388179
2020/7/15,238.3814396
2020/7/16,233.5496741
2020/7/17,232.8454272
2020/7/18,235.909915
2020/7/19,239.3581458
2020/7/20,236.3612563
2020/7/21,245.2505954
2020/7/22,264.1991695
2020/7/23,275.2238125
2020/7/24,279.9075344
2020/7/25,305.4021525
2020/7/26,311.0399735
2020/7/27,323.2338869
2020/7/28,318.0155372
2020/7/29,318.0259459
2020/7/30,335.9640829
2020/7/31,346.1799923
2020/8/1,387.1858854
2020/8/2,372.1806717
2020/8/3,385.4878124
2020/8/4,390.6628647
2020/8/5,400.6011961
2020/8/6,393.9959325
2020/8/7,380.3300539
2020/8/8,392.3601765
2020/8/9,389.1831574
2020/8/10,395.4078524
2020/8/11,379.111339
2020/8/12,387.2081748
2020/8/13,424.7994601
2020/8/14,438.0768656
2020/8/15,432.6091984
2020/8/16,432.9391728
2020/8/17,432.8414642
2020/8/18,423.3463321
2020/8/19,406.8794278
2020/8/20,416.2597876
2020/8/21,387.240605
2020/8/22,395.9125213
2020/8/23,391.9476074
2020/8/24,408.7921995
2020/8/25,383.6049697
2020/8/26,386.3438174
2020/8/27,382.3491505
2020/8/28,395.0397298
2020/8/29,400.3681656
2020/8/30,428.1964379
2020/8/31,436.0907694
2020/9/1,480.7491759
2020/9/2,441.2141341
2020/9/3,383.542585
2020/9/4,386.669076
2020/9/5,331.4200885
2020/9/6,353.2271296
2020/9/7,352.806469
2020/9/8,336.7165581
2020/9/9,352.0539486
2020/9/10,367.3808676
2020/9/11,373.9666158
2020/9/12,386.2160551
2020/9/13,365.6416078
2020/9/14,375.8010037
2020/9/15,363.9365957
2020/9/16,365.3220762
2020/9/17,389.446111
2020/9/18,382.2616763
2020/9/19,385.2465697
2020/9/20,371.2070257
2020/9/21,342.4563905
2020/9/22,343.5036625
2020/9/23,320.5885909
2020/9/24,349.144016
2020/9/25,351.7139624
2020/9/26,354.6010458
2020/9/27,356.1219928
2020/9/28,355.459934
2020/9/29,359.7014398
2020/9/30,359.9767525
2020/10/1,352.360856
2020/10/2,345.8012795
2020/10/3,346.6529689
2020/10/4,352.3394002
2020/10/5,353.1917802
2020/10/6,340.1035199
2020/10/7,341.159964
2020/10/8,350.5274964
2020/10/9,366.247891
2020/10/10,371.2828051
2020/10/11,374.1454062
2020/10/12,387.6709687
2020/10/13,381.5442746
2020/10/14,378.828993
2020/10/15,377.5029103
2020/10/16,366.2999499
2020/10/17,368.3182694
2020/10/18,377.9216524
2020/10/19,379.4630285
2020/10/20,368.8438627
2020/10/21,392.4731642
2020/10/22,414.4364058
2020/10/23,409.3399986
2020/10/24,412.2688571
2020/10/25,406.7428006
2020/10/26,394.0107566
2020/10/27,404.0454468
2020/10/28,388.9033636
2020/10/29,386.7884211
2020/10/30,383.59637
2020/10/31,386.5852361
2020/11/1,395.5777826
2020/11/2,383.8483171
2020/11/3,388.5481997
2020/11/4,401.7956139
2020/11/5,416.9973546
2020/11/6,456.4478809
2020/11/7,436.7721129
2020/11/8,455.3757299
2020/11/9,444.5479997
2020/11/10,451.5016406
2020/11/11,464.2159425
2020/11/12,462.8664998
2020/11/13,476.571341
2020/11/14,462.5514588
2020/11/15,449.3456436
2020/11/16,462.2547316
2020/11/17,482.695005
2020/11/18,479.4918067
2020/11/19,471.1500234
2020/11/20,509.5629772
2020/11/21,547.3534804
2020/11/22,565.1310609
2020/11/23,607.2141186
2020/11/24,604.5735307
2020/11/25,568.2473563
2020/11/26,518.3973562
2020/11/27,517.0418172
2020/11/28,540.8292101
2020/11/29,574.8735552
2020/11/30,613.4694924
2020/12/1,588.2515552
2020/12/2,598.9264098
2020/12/3,617.55427
2020/12/4,572.1771763
2020/12/5,594.9156955
2020/12/6,602.2467767
2020/12/7,591.8200953
2020/12/8,554.3185453
2020/12/9,574.2140724
2020/12/10,560.4503169
2020/12/11,545.4836575
2020/12/12,568.5454233
2020/12/13,590.5227306
2020/12/14,586.4701813
2020/12/15,589.0008168
2020/12/16,636.2050111
2020/12/17,642.7881502
2020/12/18,652.0101306
2020/12/19,659.714045
2020/12/20,638.5619234
2020/12/21,612.5464974
2020/12/22,634.1758562
2020/12/23,588.508848
2020/12/24,611.8935716
2020/12/25,625.8402925
2020/12/26,635.8068541
2020/12/27,688.4806854
2020/12/28,730.5182969
2020/12/29,731.9362957
2020/12/30,751.2080637
2020/12/31,739.0258499
2021/1/1,730.9143206
2021/1/2,775.2966224
2021/1/3,990.365325
2021/1/4,1030.318449
2021/1/5,1101.559814
2021/1/6,1199.3524
2021/1/7,1220.214213
2021/1/8,1219.880721
2021/1/9,1286.970223
2021/1/10,1265.436268
2021/1/11,1082.905686
2021/1/12,1038.839418
2021/1/13,1127.926763
2021/1/14,1212.619222
2021/1/15,1167.646851
2021/1/16,1231.509948
2021/1/17,1242.049241
2021/1/18,1252.156445
2021/1/19,1386.085404
2021/1/20,1367.82304
2021/1/21,1132.694432
2021/1/22,1235.372048
2021/1/23,1232.761748
2021/1/24,1387.230296
2021/1/25,1325.607594
2021/1/26,1361.849003
2021/1/27,1245.938151
2021/1/28,1341.774703
2021/1/29,1383.408895
2021/1/30,1379.868542
2021/1/31,1317.346364
2021/2/1,1369.954994
2021/2/2,1524.168252
2021/2/3,1659.520054
2021/2/4,1608.397524
2021/2/5,1720.478466
2021/2/6,1683.707794
2021/2/7,1616.042662
2021/2/8,1743.544791
2021/2/9,1770.832821
2021/2/10,1748.211806
2021/2/11,1785.583089
2021/2/12,1846.454201
2021/2/13,1819.412803
2021/2/14,1811.566679
2021/2/15,1787.530622
2021/2/16,1780.619896
2021/2/17,1845.239942
2021/2/18,1932.411527
2021/2/19,1961.02429
2021/2/20,1912.802535
2021/2/21,1933.883847
2021/2/22,1771.208598
2021/2/23,1563.045624
2021/2/24,1616.563837
2021/2/25,1491.463857
2021/2/26,1442.303123
2021/2/27,1454.032169
2021/2/28,1425.385867
2021/3/1,1563.23598
2021/3/2,1489.878894
2021/3/3,1584.067005
2021/3/4,1538.022776
2021/3/5,1530.840292
2021/3/6,1659.838346
2021/3/7,1719.160637
2021/3/8,1826.125047
2021/3/9,1862.028637
2021/3/10,1803.424491
2021/3/11,1827.713461
2021/3/12,1768.503645
2021/3/13,1927.207566
2021/3/14,1874.149062
2021/3/15,1796.90511
2021/3/16,1796.951728
2021/3/17,1818.8674
2021/3/18,1781.645207
2021/3/19,1810.373835
2021/3/20,1812.744969
2021/3/21,1784.725639
2021/3/22,1689.113768
2021/3/23,1671.752135
2021/3/24,1586.882413
2021/3/25,1588.932124
2021/3/26,1695.669078
2021/3/27,1718.119092
2021/3/28,1685.162509
2021/3/29,1811.143223
2021/3/30,1840.873997
2021/3/31,1916.880019
2021/4/1,1971.240783
2021/4/2,2134.06884
2021/4/3,2025.148878
2021/4/4,2077.395582
2021/4/5,2099.527289
2021/4/6,2116.901262
2021/4/7,1985.397891
2021/4/8,2078.550036
2021/4/9,2066.053604
2021/4/10,2130.18779
2021/4/11,2144.372116
2021/4/12,2142.8289
2021/4/13,2297.891691
2021/4/14,2430.298929
2021/4/15,2519.582255
2021/4/16,2428.352847
2021/4/17,2342.160614
2021/4/18,2243.482545
2021/4/19,2168.625082
2021/4/20,2328.505109
2021/4/21,2363.995234
2021/4/22,2419.705227
2021/4/23,2357.125066
2021/4/24,2236.586527
2021/4/25,2300.556549
2021/4/26,2526.058879
2021/4/27,2646.349339
2021/4/28,2740.230643
2021/4/29,2760.50726
2021/4/30,2770.290058
2021/5/1,2949.318641
2021/5/2,2952.476797
2021/5/3,3430.648274
2021/5/4,3274.891528
2021/5/5,3525.9241
2021/5/6,3500.543104
2021/5/7,3482.632393
2021/5/8,3886.766996
2021/5/9,3916.081413
2021/5/10,3954.283158
2021/5/11,4155.771998
2021/5/12,3975.502271
2021/5/13,3687.15909
2021/5/14,4086.709764
2021/5/15,3672.601744
2021/5/16,3565.843001
2021/5/17,3280.030278
2021/5/18,3368.239629
2021/5/19,2535.736236
2021/5/20,2777.925183
2021/5/21,2413.984384
2021/5/22,2320.842202
2021/5/23,2105.59848
2021/5/24,2626.168464
2021/5/25,2696.58638
2021/5/26,2868.719532
2021/5/27,2743.10335
2021/5/28,2415.303002
2021/5/29,2288.858132
2021/5/30,2391.712091
2021/5/31,2699.214458
2021/6/1,2626.201548
2021/6/2,2713.159868
2021/6/3,2858.600998
2021/6/4,2689.277425
2021/6/5,2604.970538
2021/6/6,2706.098541
2021/6/7,2600.159112
2021/6/8,2519.057635
2021/6/9,2605.631105
2021/6/10,2481.380757
2021/6/11,2345.03142
2021/6/12,2380.840334
2021/6/13,2504.646392
2021/6/14,2577.044739
2021/6/15,2552.741036
2021/6/16,2360.999387
2021/6/17,2368.388596
2021/6/18,2224.57532
2021/6/19,2174.754703
2021/6/20,2242.663456
2021/6/21,1900.393078
2021/6/22,1867.6238
2021/6/23,1962.110044
2021/6/24,1986.665408
2021/6/25,1817.846982
2021/6/26,1801.976275
2021/6/27,1964.521919
2021/6/28,2079.278336
2021/6/29,2169.990233
2021/6/30,2272.269058
2021/7/1,2114.556084
2021/7/2,2149.999725
2021/7/3,2215.903232
2021/7/4,2325.917498
2021/7/5,2218.632084
2021/7/6,2318.106618
2021/7/7,2317.079545
2021/7/8,2118.924331
2021/7/9,2153.773738
2021/7/10,2117.063967
2021/7/11,2140.192887
2021/7/12,2033.031335
2021/7/13,1939.640273
2021/7/14,1992.442025
2021/7/15,1912.874301
2021/7/16,1878.107587
2021/7/17,1896.966123
2021/7/18,1892.688087
2021/7/19,1822.209036
2021/7/20,1785.333954
2021/7/21,1985.492036
2021/7/22,2020.922303
2021/7/23,2112.716264
2021/7/24,2179.337932
2021/7/25,2187.444937
2021/7/26,2241.159227
2021/7/27,2286.2289
2021/7/28,2297.031344
2021/7/29,2384.454206
2021/7/30,2451.304311
2021/7/31,2544.375376
2021/8/1,2563.737531
2021/8/2,2619.040999
2021/8/3,2512.915292
2021/8/4,2727.934254
2021/8/5,2825.535309
2021/8/6,2888.034255
2021/8/7,3143.380301
2021/8/8,3027.348082
2021/8/9,3158.269216
2021/8/10,3141.723826
2021/8/11,3168.562989
2021/8/12,3038.061527
2021/8/13,3316.478942
2021/8/14,3268.963696
2021/8/15,3310.727393
2021/8/16,3157.773836
2021/8/17,3020.571401
2021/8/18,3041.32006
2021/8/19,3173.971823
2021/8/20,3278.218724
2021/8/21,3234.707278
2021/8/22,3245.893479
2021/8/23,3322.637851
2021/8/24,3183.609092
2021/8/25,3228.703261
2021/8/26,3120.596535
2021/8/27,3270.013099
2021/8/28,3242.67175
2021/8/29,3230.914601
2021/8/30,3238.360364
2021/8/31,3431.947753
2021/9/1,3793.829682
2021/9/2,3791.895936
2021/9/3,3918.582638
2021/9/4,3886.230014
2021/9/5,3954.617923
2021/9/6,3928.834011
2021/9/7,3432.849631
2021/9/8,3507.776449
2021/9/9,3432.863423
2021/9/10,3204.176466
2021/9/11,3259.209642
2021/9/12,3417.719373
2021/9/13,3289.549854
2021/9/14,3419.675084
2021/9/15,3591.05804
2021/9/16,3567.720925
2021/9/17,3396.521017
2021/9/18,3425.024345
2021/9/19,3319.990401
2021/9/20,2965.368165
2021/9/21,2745.848173
2021/9/22,3063.721332
2021/9/23,3147.495074
2021/9/24,2932.559323
2021/9/25,2932.49828
2021/9/26,3048.595617
2021/9/27,2952.496305
2021/9/28,2815.594708
2021/9/29,2843.271769
2021/9/30,3001.527513
2021/10/1,3299.44177
2021/10/2,3393.857028
2021/10/3,3420.439016
2021/10/4,3391.623321
2021/10/5,3520.414454
2021/10/6,3588.434081
2021/10/7,3589.307074
2021/10/8,3561.094105
2021/10/9,3579.872037
2021/10/10,3432.001715
2021/10/11,3519.56701
2021/10/12,3491.26025
2021/10/13,3597.562898
2021/10/14,3786.542237
2021/10/15,3861.712462
2021/10/16,3836.76805
2021/10/17,3836.397704
2021/10/18,3746.066066
2021/10/19,3875.044139
2021/10/20,4153.386612
2021/10/21,4065.167432
2021/10/22,3975.543157
2021/10/23,4159.579539
2021/10/24,4076.593574
2021/10/25,4214.410589
2021/10/26,4130.632518
2021/10/27,3947.621928
2021/10/28,4278.770269
2021/10/29,4413.186821
2021/10/30,4311.34383
2021/10/31,4293.965507
2021/11/1,4325.78806
2021/11/2,4586.379504
2021/11/3,4598.852129
2021/11/4,4535.601844
2021/11/5,4476.897314
2021/11/6,4511.642562
2021/11/7,4609.291091
2021/11/8,4811.156463
2021/11/9,4735.696747
2021/11/10,4619.955129
2021/11/11,4727.746316
2021/11/12,4662.7612
2021/11/13,4644.942487
2021/11/14,4609.516567
2021/11/15,4569.40777
2021/11/16,4234.131465
2021/11/17,4265.599006
2021/11/18,3985.674373
2021/11/19,4291.28635
2021/11/20,4413.144251
2021/11/21,4310.080434
2021/11/22,4096.772401
2021/11/23,4348.156228
2021/11/24,4261.969114
2021/11/25,4526.042951
2021/11/26,4052.008568
2021/11/27,4086.923302
2021/11/28,4291.079171
2021/11/29,4448.409991
2021/11/30,4645.053627
2021/12/1,4584.534451
2021/12/2,4527.544757
2021/12/3,4232.933151
2021/12/4,4097.761261
2021/12/5,4190.580693
2021/12/6,4341.941021
2021/12/7,4303.762652
2021/12/8,4427.312634
2021/12/9,4157.28748
2021/12/10,3931.613105
2021/12/11,4079.584985
2021/12/12,4140.987691
2021/12/13,3788.082337
2021/12/14,3850.763308
2021/12/15,4015.642312
2021/12/16,3973.451095
2021/12/17,3885.430082
2021/12/18,3965.871241
2021/12/19,3937.565862
2021/12/20,3939.674276
2021/12/21,4028.997879
2021/12/22,3984.712788
2021/12/23,4101.849561
2021/12/24,4045.164504
2021/12/25,4099.921222
2021/12/26,4070.352063
2021/12/27,4044.388477
2021/12/28,3806.110236
2021/12/29,3638.663379
2021/12/30,3708.037335
2021/12/31,3686.951792
2022/1/1,3761.05964
2022/1/2,3832.36561
2022/1/3,3765.44035
2022/1/4,3796.640461
2022/1/5,3545.758258
2022/1/6,3413.237503
2022/1/7,3190.126812
2022/1/8,3092.880017
2022/1/9,3154.840156
2022/1/10,3079.865776
2022/1/11,3241.954265
2022/1/12,3372.84781
2022/1/13,3253.071535
2022/1/14,3308.715726
2022/1/15,3334.446716
2022/1/16,3356.3325
2022/1/17,3211.120315
2022/1/18,3165.796731
2022/1/19,3105.419498
2022/1/20,3011.875639
2022/1/21,2565.055648
2022/1/22,2400.82875
2022/1/23,2533.494037
2022/1/24,2439.123031
2022/1/25,2458.382
2022/1/26,2467.107772
2022/1/27,2412.62447
2022/1/28,2545.549897
2022/1/29,2593.197288
2022/1/30,2610.555299
2022/1/31,2686.267829
2022/2/1,2795.578153
2022/2/2,2686.64838
2022/2/3,2670.653379
2022/2/4,2969.932183
2022/2/5,3017.609916
2022/2/6,3049.372191
2022/2/7,3145.373676
2022/2/8,3126.634352
2022/2/9,3241.723961
2022/2/10,3080.565482
2022/2/11,2924.080468
2022/2/12,2910.836175
2022/2/13,2880.696526
2022/2/14,2936.29826
2022/2/15,3175.258215
2022/2/16,3140.526479
2022/2/17,2887.983293
2022/2/18,2784.718295
2022/2/19,2757.595245
2022/2/20,2636.388942
2022/2/21,2578.87217
2022/2/22,2636.229239
2022/2/23,2591.792151
2022/2/24,2594.051763
2022/2/25,2788.59008
2022/2/26,2777.684192
2022/2/27,2614.482119
2022/2/28,2914.465065
2022/3/1,2969.53468
2022/3/2,2954.656857
2022/3/3,2836.953932
2022/3/4,2617.822504
2022/3/5,2662.886033
2022/3/6,2557.904164
2022/3/7,2501.000671
2022/3/8,2577.764863
2022/3/9,2726.971276
2022/3/10,2611.411408
2022/3/11,2562.606975
2022/3/12,2578.182133
2022/3/13,2516.491952
2022/3/14,2589.377617
2022/3/15,2621.237019
2022/3/16,2768.915527
2022/3/17,2816.071124
2022/3/18,2945.90649
2022/3/19,2948.82828
2022/3/20,2861.815274
2022/3/21,2898.312575
2022/3/22,2976.634825
2022/3/23,3021.127167
2022/3/24,3110.073582
2022/3/25,3104.455543
2022/3/26,3145.640742
2022/3/27,3288.739511
2022/3/28,3346.480372
2022/3/29,3398.672101
2022/3/30,3389.049399
2022/3/31,3281.787511
2022/4/1,3446.519837
2022/4/2,3451.965558
2022/4/3,3521.532551
2022/4/4,3525.405897
2022/4/5,3425.354873
2022/4/6,3183.703369
2022/4/7,3238.188847
2022/4/8,3185.765966
2022/4/9,3257.963085
2022/4/10,3218.131776
2022/4/11,2985.298678
2022/4/12,3027.955011
2022/4/13,3118.539259
2022/4/14,3019.787031
2022/4/15,3039.327266
2022/4/16,3065.655423
2022/4/17,2996.526885
2022/4/18,3058.249114
2022/4/19,3104.38072
2022/4/20,3078.536936
2022/4/21,2984.30084
2022/4/22,2963.936885
2022/4/23,2941.414396
2022/4/24,2924.172237
2022/4/25,3012.215277
2022/4/26,2801.382475
2022/4/27,2886.845577
2022/4/28,2934.099591
2022/4/29,2815.627258
2022/4/30,2729.732454
2022/5/1,2829.091364
2022/5/2,2861.527809
2022/5/3,2780.92367
2022/5/4,2936.765347
2022/5/5,2746.635281
2022/5/6,2697.481428
2022/5/7,2636.530886
2022/5/8,2519.636783
2022/5/9,2257.950582
2022/5/10,2342.927396
2022/5/11,2068.275221
2022/5/12,1958.453459
2022/5/13,2016.051784
2022/5/14,2053.091694
2022/5/15,2138.964011
2022/5/16,2022.619465
2022/5/17,2092.880745
2022/5/18,1921.007928
2022/5/19,2016.372262
2022/5/20,1962.03073
2022/5/21,1973.774491
2022/5/22,2044.564549
2022/5/23,1970.620475
2022/5/24,1977.804446
2022/5/25,1944.328363
2022/5/26,1807.681602
2022/5/27,1721.278143
2022/5/28,1793.658157
2022/5/29,1811.057558
2022/5/30,1996.4993
2022/5/31,1947.317036
2022/6/1,1827.637108
2022/6/2,1835.388975
2022/6/3,1773.334506
2022/6/4,1799.048309
2022/6/5,1805.689054
2022/6/6,1857.054864
2022/6/7,1812.557375
2022/6/8,1794.501577
2022/6/9,1787.182295
2022/6/10,1662.503098
2022/6/11,1529.500905
2022/6/12,1449.376091
2022/6/13,1192.163859
2022/6/14,1205.544585
2022/6/15,1228.524212
2022/6/16,1062.056318
2022/6/17,1087.012488
2022/6/18,992.7900973
2022/6/19,1124.368889
2022/6/20,1122.384158
2022/6/21,1124.800544
2022/6/22,1052.485453
2022/6/23,1144.748391
2022/6/24,1233.920428
2022/6/25,1242.463498
2022/6/26,1204.220646
2022/6/27,1194.901769
2022/6/28,1142.801527
2022/6/29,1095.824952
2022/6/30,1041.539052
2022/7/1,1066.102963
2022/7/2,1066.517563
2022/7/3,1073.702279
2022/7/4,1150.16231
2022/7/5,1134.557018
2022/7/6,1190.019844
2022/7/7,1238.445098
2022/7/8,1231.273202
2022/7/9,1216.82492
2022/7/10,1167.00219
2022/7/11,1096.538213
2022/7/12,1040.309136
2022/7/13,1109.917399
2022/7/14,1190.777155
2022/7/15,1235.44641
2022/7/16,1352.58444
2022/7/17,1345.298712
2022/7/18,1568.517797
2022/7/19,1545.684015
2022/7/20,1523.173272
2022/7/21,1578.50633
2022/7/22,1536.587025
2022/7/23,1550.448821
2022/7/24,1603.324828
2022/7/25,1461.682909
2022/7/26,1431.206553
2022/7/27,1632.342053
2022/7/28,1724.611372
2022/7/29,1746.076361
2022/7/30,1692.897312
2022/7/31,1682.692504
2022/8/1,1635.839421
2022/8/2,1640.552286
2022/8/3,1616.224509
2022/8/4,1606.951183
2022/8/5,1725.628005
2022/8/6,1695.534102
2022/8/7,1697.483154
2022/8/8,1776.062396
2022/8/9,1703.992249
2022/8/10,1850.829961
2022/8/11,1878.113096
2022/8/12,1954.778561
2022/8/13,1981.237541
2022/8/14,1936.339892
2022/8/15,1901.746086
2022/8/16,1876.615794
2022/8/17,1833.207302
2022/8/18,1849.200675
2022/8/19,1615.850713
2022/8/20,1575.835173
2022/8/21,1621.43778
2022/8/22,1607.939644
2022/8/23,1663.882415
2022/8/24,1658.74535
2022/8/25,1695.097936
2022/8/26,1508.81156
2022/8/27,1492.86256
2022/8/28,1440.918437
2022/8/29,1550.282046
2022/8/30,1529.587846
2022/8/31,1551.729221
2022/9/1,1586.349167
2022/9/2,1576.596041
2022/9/3,1555.056348
2022/9/4,1576.030081
2022/9/5,1613.061006
2022/9/6,1565.695436
2022/9/7,1633.887147
2022/9/8,1634.563877
2022/9/9,1717.524122
2022/9/10,1779.758395
2022/9/11,1758.459619
2022/9/12,1710.772417
2022/9/13,1574.043116
2022/9/14,1633.759333
2022/9/15,1472.555479
2022/9/16,1430.06414
2022/9/17,1469.370189
2022/9/18,1337.858391
2022/9/19,1379.441247
2022/9/20,1323.408832
2022/9/21,1249.130724
2022/9/22,1328.669265
2022/9/23,1330.955033
2022/9/24,1317.007947
2022/9/25,1294.549044
2022/9/26,1334.386714
2022/9/27,1330.52474
2022/9/28,1339.136754
2022/9/29,1333.642394
2022/9/30,1327.075996
2022/10/1,1311.222533
2022/10/2,1276.553047
2022/10/3,1324.409983
2022/10/4,1362.843952
2022/10/5,1352.557207
2022/10/6,1351.35374
2022/10/7,1332.540906
2022/10/8,1315.459119
2022/10/9,1320.934654
2022/10/10,1292.049247
2022/10/11,1278.543297
2022/10/12,1294.633989
2022/10/13,1288.201013
2022/10/14,1297.322278
2022/10/15,1274.996989
2022/10/16,1305.609723
2022/10/17,1332.369479
2022/10/18,1311.29946
2022/10/19,1284.664474
2022/10/20,1281.908138
2022/10/21,1299.875292
2022/10/22,1314.306323
2022/10/23,1363.860341
2022/10/24,1344.553044
2022/10/25,1461.290324
2022/10/26,1571.259492
2022/10/27,1514.782921
2022/10/28,1555.967615
2022/10/29,1618.894969
2022/10/30,1589.51055
2022/10/31,1571.203871
2022/11/1,1580.255947
2022/11/2,1519.577437
2022/11/3,1529.796415
2022/11/4,1644.765636
2022/11/5,1627.350121
2022/11/6,1574.974635
2022/11/7,1567.463813
2022/11/8,1331.867179
2022/11/9,1092.99871
2022/11/10,1297.560887
2022/11/11,1280.901103
2022/11/12,1252.0041
2022/11/13,1220.147545
2022/11/14,1240.724476
2022/11/15,1249.54838
2022/11/16,1214.793499
2022/11/17,1199.722551
2022/11/18,1209.478757
2022/11/19,1218.606199
2022/11/20,1139.642961
2022/11/21,1107.641977
2022/11/22,1134.773516
2022/11/23,1183.166714
2022/11/24,1202.6865
2022/11/25,1199.061876
2022/11/26,1204.819364
2022/11/27,1196.86665
2022/11/28,1168.916997
2022/11/29,1217.080838
2022/11/30,1298.03942
2022/12/1,1275.710936
2022/12/2,1292.87129
2022/12/3,1240.93125
2022/12/4,1280.03347
2022/12/5,1258.529617
2022/12/6,1270.185643
2022/12/7,1232.552454
2022/12/8,1281.633052
2022/12/9,1263.208619
2022/12/10,1266.771442
2022/12/11,1263.069667
2022/12/12,1274.780235
2022/12/13,1320.401907
2022/12/14,1308.148141
2022/12/15,1264.128305
2022/12/16,1164.548224
2022/12/17,1187.083559
2022/12/18,1187.400887
2022/12/19,1167.134736
2022/12/20,1217.788527
2022/12/21,1212.376973
2022/12/22,1216.846051
2022/12/23,1219.86765
2022/12/24,1220.580675
2022/12/25,1217.782488
2022/12/26,1224.377918
2022/12/27,1211.575582
2022/12/28,1188.107925
2022/12/29,1200.920968
2022/12/30,1198.58331
2022/12/31,1195.330879
2023/1/1,1200.005919
2023/1/2,1214.837769
2023/1/3,1214.225738
2023/1/4,1255.922117
2023/1/5,1250.148103
2023/1/6,1269.252252
2023/1/7,1263.504163
2023/1/8,1284.640028
2023/1/9,1320.621531
2023/1/10,1335.656397
2023/1/11,1380.514098
2023/1/12,1417.144646
2023/1/13,1449.884051
2023/1/14,1551.580924
2023/1/15,1552.31962
2023/1/16,1577.951882
2023/1/17,1570.190113
2023/1/18,1519.978258
2023/1/19,1550.324738
2023/1/20,1658.07273
2023/1/21,1628.125694
2023/1/22,1628.266895
2023/1/23,1627.935556
2023/1/24,1553.742055
2023/1/25,1607.731887
2023/1/26,1601.935064
2023/1/27,1598.019244
2023/1/28,1570.187426
2023/1/29,1646.296841
2023/1/30,1565.988364
2023/1/31,1584.821083
2023/2/1,1641.902111
2023/2/2,1646.337683
2023/2/3,1665.60525
2023/2/4,1671.046952
2023/2/5,1631.121142
2023/2/6,1614.274822
2023/2/7,1672.722311
2023/2/8,1650.232998
2023/2/9,1545.624459
2023/2/10,1514.249987
2023/2/11,1540.18145
2023/2/12,1513.773518
2023/2/13,1506.222746
2023/2/14,1557.426696
2023/2/15,1672.843239
2023/2/16,1643.895784
2023/2/17,1696.045811
2023/2/18,1690.936411
2023/2/19,1683.20735
2023/2/20,1700.884873
2023/2/21,1655.094683
2023/2/22,1641.941195
2023/2/23,1649.392884
